id,location,text
1052370261952086016,,b'RT @NickMadincea: \xe2\x80\x9cTed Cruz is for Ted Cruz\xe2\x80\x9d\n-Beto O\xe2\x80\x99Rourke\n\nQuote of the year. \n#TexasSenate'
1052370095694065664,,b'RT @NickMathews21: @CNN Who Will Win #TexasSenate?'
1052370066677882880,Rhode Island,b'RT @NickMadincea: Ted Cruz just attacked the Paris Climate accord... every millennial just cringed. #TexasSenate'
1052370013473173504,,b'RT @NickMadincea: Ted Cruz is trying to say \xe2\x80\x9cscience\xe2\x80\x9d is on the side of climate deniers. Really Ted? Are we looking at the same data here b\xe2\x80\xa6'
1052369937237467136,,b'RT @NickMadincea: \xe2\x80\x9cTed Cruz is for Ted Cruz\xe2\x80\x9d\n-Beto O\xe2\x80\x99Rourke\n\nQuote of the year. \n#TexasSenate'
1052369881365123072,,b'Whew this  #TexasDebate is \xf0\x9f\x94\xa5 @BetoORourke is holding his own don\xe2\x80\x99t let lying @tedcruz spread his propaganda\xe2\x80\xa6 https://t.co/w3rwKcrI53'
1052369808853995520,"Texas, USA",b'RT @BrooksKHOU: I\xe2\x80\x99m watching the debate on #KHOU11! Started at 8pm. #TexasSenate'
1052369746694410241,In a garden somewhere,b'RT @NickMadincea: \xe2\x80\x9cTed Cruz is for Ted Cruz\xe2\x80\x9d\n-Beto O\xe2\x80\x99Rourke\n\nQuote of the year. \n#TexasSenate'
1052369743099891715,Scranton‚ÄîSyracuse‚ÄîSF‚ÄîNOLA‚ÄîATX,"b""If Ted Cruz's responses make the hair on your neck stand up...\n\nBlock walks, phone banks, texting:\xe2\x80\xa6 https://t.co/Zcr6keCguZ"""
1052369659272544256,"Columbia, MO",b'RT @NickMadincea: Ted Cruz is trying to say \xe2\x80\x9cscience\xe2\x80\x9d is on the side of climate deniers. Really Ted? Are we looking at the same data here b\xe2\x80\xa6'
1052369595372331008,,b'RT @NickMadincea: \xe2\x80\x9cTed Cruz is for Ted Cruz\xe2\x80\x9d\n-Beto O\xe2\x80\x99Rourke\n\nQuote of the year. \n#TexasSenate'
1052369517903523842,,b'RT @NickMadincea: \xe2\x80\x9cTed Cruz is for Ted Cruz\xe2\x80\x9d\n-Beto O\xe2\x80\x99Rourke\n\nQuote of the year. \n#TexasSenate'
1052369493152997376,"El Paso, TX",b'RT @NickMadincea: \xe2\x80\x9cTed Cruz is for Ted Cruz\xe2\x80\x9d\n-Beto O\xe2\x80\x99Rourke\n\nQuote of the year. \n#TexasSenate'
1052369469891375104,,b'RT @NickMadincea: \xe2\x80\x9cTed Cruz is for Ted Cruz\xe2\x80\x9d\n-Beto O\xe2\x80\x99Rourke\n\nQuote of the year. \n#TexasSenate'
1052369359270830080,Texas,b'RT @NickMadincea: \xe2\x80\x9cTed Cruz is for Ted Cruz\xe2\x80\x9d\n-Beto O\xe2\x80\x99Rourke\n\nQuote of the year. \n#TexasSenate'
1052369319965978624,"Houston, TX",b'\xe2\x80\x9cTed Cruz is for Ted Cruz\xe2\x80\x9d\n-Beto O\xe2\x80\x99Rourke\n\nQuote of the year. \n#TexasSenate'
1052369019280478208,,b'RT @NickMadincea: Ted Cruz just attacked the Paris Climate accord... every millennial just cringed. #TexasSenate'
1052368913038753793,3rd rock from sun. USA üá∫üá∏,b'RT @NickMadincea: Ted Cruz just attacked the Paris Climate accord... every millennial just cringed. #TexasSenate'
1052368421244022785,"Austin, TX",b'#TeamBeto #TexasSenate https://t.co/ejq7IP1HOI'
1052368334879109121,,b'RT @NickMadincea: Ted Cruz just attacked the Paris Climate accord... every millennial just cringed. #TexasSenate'
1052368292478951424,"Oklahoma City & Anchorage, AK",b'RT @NickMadincea: Ted Cruz just attacked the Paris Climate accord... every millennial just cringed. #TexasSenate'
1052367924885884928,"Houston, TX",b'Ted Cruz just attacked the Paris Climate accord... every millennial just cringed. #TexasSenate'
1052367468365197313,"Houston, TX",b'Beto going after Ted and reminding everyone of  the\xe2\x80\x9cLying Ted\xe2\x80\x9d nickname from Trump! Get him Beto!! #TexasSenate'
1052367461402722304,"Not sure, but it burns!",b'RT @NickMadincea: Ted Cruz is trying to say \xe2\x80\x9cscience\xe2\x80\x9d is on the side of climate deniers. Really Ted? Are we looking at the same data here b\xe2\x80\xa6'
1052367404318318592,Scranton‚ÄîSyracuse‚ÄîSF‚ÄîNOLA‚ÄîATX,"b'Just behind ""TX is a non-voting state"" (voter suppression/turnout in TX), ""TX has a maternal mortality crisis"" has\xe2\x80\xa6 https://t.co/OqE3QULQlu'"
1052367136344170496,Austin - DC,"b""Cruz: Well of course the climate is changing. it's always changing. I like science, science is my favorite -- but t\xe2\x80\xa6 https://t.co/tqrazozmOJ"""
1052367129444532225,"Houston, TX",b'Ted Cruz is trying to say \xe2\x80\x9cscience\xe2\x80\x9d is on the side of climate deniers. Really Ted? Are we looking at the same data here buddy? #TexasSenate'
1052366588777775107,"Galveston, TX","b'RT @NickMadincea: Beto O\xe2\x80\x99Rourke is out for blood tonight in the Texas Senate debate! Turn it on, it\xe2\x80\x99s a fireworks show!! #TexasSenate'"
1052366255867523072,"Washington, DC","b'RT @NickMadincea: Beto O\xe2\x80\x99Rourke is out for blood tonight in the Texas Senate debate! Turn it on, it\xe2\x80\x99s a fireworks show!! #TexasSenate'"
1052366029656080384,"San Antonio, TX",b'The real winners of the @tedcruz @BetoORourke #TexasDebate are @ForganySarah &amp; #SanAntonio. We get to watch her on\xe2\x80\xa6 https://t.co/H51enuAt7Q'
1052365832184127489,"Long Island, NY","b'RT @NickMadincea: Beto O\xe2\x80\x99Rourke is out for blood tonight in the Texas Senate debate! Turn it on, it\xe2\x80\x99s a fireworks show!! #TexasSenate'"
1052365545163644930,"Houston, TX","b'Beto O\xe2\x80\x99Rourke is out for blood tonight in the Texas Senate debate! Turn it on, it\xe2\x80\x99s a fireworks show!! #TexasSenate'"
1052364970611097600,"Houston, TX",b'RT @BrooksKHOU: I\xe2\x80\x99m watching the debate on #KHOU11! Started at 8pm. #TexasSenate'
1052364845981622274,"Dallas, Texas",b'I thought #Beto would definitely skateboard into the #TexasDebate tonight?? #rollseyes #growupbeto #texassenate'
1052364769427107840,"Arlington, TX",b'Round 2! @BetoORourke \n#BetoORourke #BeatTedCruz #TexasSenate https://t.co/YkdURYKzLi'
1052364654926856192,"Houston, TX",b'I\xe2\x80\x99m watching the debate on #KHOU11! Started at 8pm. #TexasSenate'
1052350614745821185,"Beverly Hills, CA",b'RT @NickMathews21: @CNN Who Will Win #TexasSenate?'
1052339194322931712,"Michigan, USA",b'@CNN Who Will Win #TexasSenate?'
1052322133039304704,Texas,b'RT @bbrown7008: Let me see \xf0\x9f\xa4\x94 The last time I saw @tedcruz palling around with #antifa was.... never \n#TedCruz #TexasSenate #NovemberIsComin\xe2\x80\xa6'
1052223777390686208,"Winter Haven, FL",b'RT @smart_whit: @realDonaldTrump #MAGA \n#TrumpTrain \xf0\x9f\x87\xba\xf0\x9f\x87\xb8\xf0\x9f\x9a\x82\xf0\x9f\x87\xba\xf0\x9f\x87\xb8\xf0\x9f\x9a\x82#WalkAwayFromDemocrats \n\n\xe2\x80\x98Cotton Candy\xe2\x80\x99...I mean Beto O\xe2\x80\x99 Rourke wants to #Abolish\xe2\x80\xa6'
1052213348002095105,"Arlington, TX","b""Whichever side you're on, come out to On Tap tonight to watch the Beto/Cruz debate! Starts at 7:30, so get your sea\xe2\x80\xa6 https://t.co/Yw9733vwqX"""
1052205349757960193,,b'@tedcruz for #TexasSenate https://t.co/K7p3Z3QpGW'
1052167889925668864,usa,b'RT @_ST3V3N_W: #TXSen #txpolitics #TexasSenate #MorningJoe #2018Midterms #DeadlineWH #TheBeat #AMJoy #Beto2018 #Beto4Texas #tx2018 #BetoFor\xe2\x80\xa6'
1052164549837697024,"Wright City, MO",b'RT @smart_whit: @realDonaldTrump #MAGA \n#TrumpTrain \xf0\x9f\x87\xba\xf0\x9f\x87\xb8\xf0\x9f\x9a\x82\xf0\x9f\x87\xba\xf0\x9f\x87\xb8\xf0\x9f\x9a\x82#WalkAwayFromDemocrats \n\n\xe2\x80\x98Cotton Candy\xe2\x80\x99...I mean Beto O\xe2\x80\x99 Rourke wants to #Abolish\xe2\x80\xa6'
1052164408556838917,"Brandon, SD",b'RT @smart_whit: @realDonaldTrump #MAGA \n#TrumpTrain \xf0\x9f\x87\xba\xf0\x9f\x87\xb8\xf0\x9f\x9a\x82\xf0\x9f\x87\xba\xf0\x9f\x87\xb8\xf0\x9f\x9a\x82#WalkAwayFromDemocrats \n\n\xe2\x80\x98Cotton Candy\xe2\x80\x99...I mean Beto O\xe2\x80\x99 Rourke wants to #Abolish\xe2\x80\xa6'
1052163276459655169,,b'RT @smart_whit: @realDonaldTrump #MAGA \n#TrumpTrain \xf0\x9f\x87\xba\xf0\x9f\x87\xb8\xf0\x9f\x9a\x82\xf0\x9f\x87\xba\xf0\x9f\x87\xb8\xf0\x9f\x9a\x82#WalkAwayFromDemocrats \n\n\xe2\x80\x98Cotton Candy\xe2\x80\x99...I mean Beto O\xe2\x80\x99 Rourke wants to #Abolish\xe2\x80\xa6'
1052149415111258112,"Houston, TX","b""This is what you call one sided. 97% of you in today's live poll say your mind is made up on the #TexasSenate race\xe2\x80\xa6 https://t.co/2JyixgVSb7"""
1052135667826864128,,b'#TXSen #txpolitics #TexasSenate #MorningJoe #2018Midterms #DeadlineWH #TheBeat #AMJoy #Beto2018 #Beto4Texas #tx2018\xe2\x80\xa6 https://t.co/dUbkiUJK0e'
1052133823289454592,Penciltuckey,b'RT @smart_whit: @realDonaldTrump #MAGA \n#TrumpTrain \xf0\x9f\x87\xba\xf0\x9f\x87\xb8\xf0\x9f\x9a\x82\xf0\x9f\x87\xba\xf0\x9f\x87\xb8\xf0\x9f\x9a\x82#WalkAwayFromDemocrats \n\n\xe2\x80\x98Cotton Candy\xe2\x80\x99...I mean Beto O\xe2\x80\x99 Rourke wants to #Abolish\xe2\x80\xa6'
1052109186014826502,,b'RT @smart_whit: @realDonaldTrump #MAGA \n#TrumpTrain \xf0\x9f\x87\xba\xf0\x9f\x87\xb8\xf0\x9f\x9a\x82\xf0\x9f\x87\xba\xf0\x9f\x87\xb8\xf0\x9f\x9a\x82#WalkAwayFromDemocrats \n\n\xe2\x80\x98Cotton Candy\xe2\x80\x99...I mean Beto O\xe2\x80\x99 Rourke wants to #Abolish\xe2\x80\xa6'
1052105615508729856,,b'RT @smart_whit: @realDonaldTrump #MAGA \n#TrumpTrain \xf0\x9f\x87\xba\xf0\x9f\x87\xb8\xf0\x9f\x9a\x82\xf0\x9f\x87\xba\xf0\x9f\x87\xb8\xf0\x9f\x9a\x82#WalkAwayFromDemocrats \n\n\xe2\x80\x98Cotton Candy\xe2\x80\x99...I mean Beto O\xe2\x80\x99 Rourke wants to #Abolish\xe2\x80\xa6'
1052104768087252992,,b'RT @smart_whit: @realDonaldTrump #MAGA \n#TrumpTrain \xf0\x9f\x87\xba\xf0\x9f\x87\xb8\xf0\x9f\x9a\x82\xf0\x9f\x87\xba\xf0\x9f\x87\xb8\xf0\x9f\x9a\x82#WalkAwayFromDemocrats \n\n\xe2\x80\x98Cotton Candy\xe2\x80\x99...I mean Beto O\xe2\x80\x99 Rourke wants to #Abolish\xe2\x80\xa6'
1052104186903580672,,b'RT @smart_whit: @realDonaldTrump #MAGA \n#TrumpTrain \xf0\x9f\x87\xba\xf0\x9f\x87\xb8\xf0\x9f\x9a\x82\xf0\x9f\x87\xba\xf0\x9f\x87\xb8\xf0\x9f\x9a\x82#WalkAwayFromDemocrats \n\n\xe2\x80\x98Cotton Candy\xe2\x80\x99...I mean Beto O\xe2\x80\x99 Rourke wants to #Abolish\xe2\x80\xa6'
1052104053721829378,NON DESISTAS NON EXIERIS,b'RT @smart_whit: @realDonaldTrump #MAGA \n#TrumpTrain \xf0\x9f\x87\xba\xf0\x9f\x87\xb8\xf0\x9f\x9a\x82\xf0\x9f\x87\xba\xf0\x9f\x87\xb8\xf0\x9f\x9a\x82#WalkAwayFromDemocrats \n\n\xe2\x80\x98Cotton Candy\xe2\x80\x99...I mean Beto O\xe2\x80\x99 Rourke wants to #Abolish\xe2\x80\xa6'
1052078917518053377,"United States, NOT RUSSIA üá∫üá∏",b'RT @smart_whit: @realDonaldTrump #MAGA \n#TrumpTrain \xf0\x9f\x87\xba\xf0\x9f\x87\xb8\xf0\x9f\x9a\x82\xf0\x9f\x87\xba\xf0\x9f\x87\xb8\xf0\x9f\x9a\x82#WalkAwayFromDemocrats \n\n\xe2\x80\x98Cotton Candy\xe2\x80\x99...I mean Beto O\xe2\x80\x99 Rourke wants to #Abolish\xe2\x80\xa6'
1052059197456695296,"Austin, TX","b'New polling for the 2018 midterm elections show that Ted Cru, the Republican candidate, leads by 8% @NYTimes\xe2\x80\xa6 https://t.co/UkFamrixAI'"
1052049681797304320,"Austin, TX - God Bless Texas üôè‚Äã#QFDShadowBanned https://www.youtube.com/watch?v=80s5xuvzCtg&feature=youtu.be","b""RT @AliLovesTexas: @QuinnipiacPoll You cannot buy Texas. You will lose BIGELY - Soros, Hollywood, O'Rourke, HRC &amp; HUSSEIN. \xf0\x9f\x91\x87\xf0\x9f\x8f\xbc\xf0\x9f\x91\x87\xf0\x9f\x8f\xbc\xf0\x9f\x91\x87\xf0\x9f\x8f\xbc\n\n#BetoORo\xe2\x80\xa6"""
1052046782488858624,SalemOr.State Crapithole!USAüóΩ,b'RT @SassafrasSassy: \xf0\x9f\x8d\x80 Irish Democrat @BetoORourke posing as Hispanic \xf0\x9f\x8c\xae to win #TexasSenate \xf0\x9f\x97\xb3 has less authenticity than  #Fauxcahontas @eli\xe2\x80\xa6'
1052045053055651840,But it is our duty to live.,b'\xf0\x9f\x8d\x80 Irish Democrat @BetoORourke posing as Hispanic \xf0\x9f\x8c\xae to win #TexasSenate \xf0\x9f\x97\xb3 has less authenticity than  #Fauxcahontas\xe2\x80\xa6 https://t.co/ElbDgk2lmC'
1052037231391756288,"South Carolina, USA",b'RT @smart_whit: @realDonaldTrump #MAGA \n#TrumpTrain \xf0\x9f\x87\xba\xf0\x9f\x87\xb8\xf0\x9f\x9a\x82\xf0\x9f\x87\xba\xf0\x9f\x87\xb8\xf0\x9f\x9a\x82#WalkAwayFromDemocrats \n\n\xe2\x80\x98Cotton Candy\xe2\x80\x99...I mean Beto O\xe2\x80\x99 Rourke wants to #Abolish\xe2\x80\xa6'
1052028966989701121,N C,b'RT @smart_whit: @realDonaldTrump #MAGA \n#TrumpTrain \xf0\x9f\x87\xba\xf0\x9f\x87\xb8\xf0\x9f\x9a\x82\xf0\x9f\x87\xba\xf0\x9f\x87\xb8\xf0\x9f\x9a\x82#WalkAwayFromDemocrats \n\n\xe2\x80\x98Cotton Candy\xe2\x80\x99...I mean Beto O\xe2\x80\x99 Rourke wants to #Abolish\xe2\x80\xa6'
1052028415207985154,"Proud American, Auburn Tiger. War Eagle!",b'RT @smart_whit: @realDonaldTrump #MAGA \n#TrumpTrain \xf0\x9f\x87\xba\xf0\x9f\x87\xb8\xf0\x9f\x9a\x82\xf0\x9f\x87\xba\xf0\x9f\x87\xb8\xf0\x9f\x9a\x82#WalkAwayFromDemocrats \n\n\xe2\x80\x98Cotton Candy\xe2\x80\x99...I mean Beto O\xe2\x80\x99 Rourke wants to #Abolish\xe2\x80\xa6'
1052026530077990912,JERSEY GAL/üé∞LAS VEGAS~üòò‚ô•Ô∏èüêæ~,b'RT @smart_whit: @realDonaldTrump #MAGA \n#TrumpTrain \xf0\x9f\x87\xba\xf0\x9f\x87\xb8\xf0\x9f\x9a\x82\xf0\x9f\x87\xba\xf0\x9f\x87\xb8\xf0\x9f\x9a\x82#WalkAwayFromDemocrats \n\n\xe2\x80\x98Cotton Candy\xe2\x80\x99...I mean Beto O\xe2\x80\x99 Rourke wants to #Abolish\xe2\x80\xa6'
1052026404613832704,"Florida, USA",b'RT @smart_whit: @realDonaldTrump #MAGA \n#TrumpTrain \xf0\x9f\x87\xba\xf0\x9f\x87\xb8\xf0\x9f\x9a\x82\xf0\x9f\x87\xba\xf0\x9f\x87\xb8\xf0\x9f\x9a\x82#WalkAwayFromDemocrats \n\n\xe2\x80\x98Cotton Candy\xe2\x80\x99...I mean Beto O\xe2\x80\x99 Rourke wants to #Abolish\xe2\x80\xa6'
1052024181980844032,"Austin, Texas",b'@tedcruz isnt turning out crowds. He got just 2k in El Paso this weekend.Trump has booked NRG Arena in Houston -- j\xe2\x80\xa6 https://t.co/GWrTkLYQEm'
1052003834397159426,"New Jersey, USA",b'RT @smart_whit: @realDonaldTrump #MAGA \n#TrumpTrain \xf0\x9f\x87\xba\xf0\x9f\x87\xb8\xf0\x9f\x9a\x82\xf0\x9f\x87\xba\xf0\x9f\x87\xb8\xf0\x9f\x9a\x82#WalkAwayFromDemocrats \n\n\xe2\x80\x98Cotton Candy\xe2\x80\x99...I mean Beto O\xe2\x80\x99 Rourke wants to #Abolish\xe2\x80\xa6'
1052002952045621255,"San Antonio, TX",b'RT @smart_whit: @realDonaldTrump #MAGA \n#TrumpTrain \xf0\x9f\x87\xba\xf0\x9f\x87\xb8\xf0\x9f\x9a\x82\xf0\x9f\x87\xba\xf0\x9f\x87\xb8\xf0\x9f\x9a\x82#WalkAwayFromDemocrats \n\n\xe2\x80\x98Cotton Candy\xe2\x80\x99...I mean Beto O\xe2\x80\x99 Rourke wants to #Abolish\xe2\x80\xa6'
1051988110496727042,"Cherryville, NC",b'RT @smart_whit: @realDonaldTrump #MAGA \n#TrumpTrain \xf0\x9f\x87\xba\xf0\x9f\x87\xb8\xf0\x9f\x9a\x82\xf0\x9f\x87\xba\xf0\x9f\x87\xb8\xf0\x9f\x9a\x82#WalkAwayFromDemocrats \n\n\xe2\x80\x98Cotton Candy\xe2\x80\x99...I mean Beto O\xe2\x80\x99 Rourke wants to #Abolish\xe2\x80\xa6'
1051978614554677248,DFW Texas,b'RT @smart_whit: @realDonaldTrump #MAGA \n#TrumpTrain \xf0\x9f\x87\xba\xf0\x9f\x87\xb8\xf0\x9f\x9a\x82\xf0\x9f\x87\xba\xf0\x9f\x87\xb8\xf0\x9f\x9a\x82#WalkAwayFromDemocrats \n\n\xe2\x80\x98Cotton Candy\xe2\x80\x99...I mean Beto O\xe2\x80\x99 Rourke wants to #Abolish\xe2\x80\xa6'
1051977721486733312,"San Antonio, TX",b'RT @smart_whit: @realDonaldTrump #MAGA \n#TrumpTrain \xf0\x9f\x87\xba\xf0\x9f\x87\xb8\xf0\x9f\x9a\x82\xf0\x9f\x87\xba\xf0\x9f\x87\xb8\xf0\x9f\x9a\x82#WalkAwayFromDemocrats \n\n\xe2\x80\x98Cotton Candy\xe2\x80\x99...I mean Beto O\xe2\x80\x99 Rourke wants to #Abolish\xe2\x80\xa6'
1051976956491763712,"Texas, USA",b'RT @smart_whit: @realDonaldTrump #MAGA \n#TrumpTrain \xf0\x9f\x87\xba\xf0\x9f\x87\xb8\xf0\x9f\x9a\x82\xf0\x9f\x87\xba\xf0\x9f\x87\xb8\xf0\x9f\x9a\x82#WalkAwayFromDemocrats \n\n\xe2\x80\x98Cotton Candy\xe2\x80\x99...I mean Beto O\xe2\x80\x99 Rourke wants to #Abolish\xe2\x80\xa6'
1051973650507804672,West Central FL,b'RT @smart_whit: @realDonaldTrump #MAGA \n#TrumpTrain \xf0\x9f\x87\xba\xf0\x9f\x87\xb8\xf0\x9f\x9a\x82\xf0\x9f\x87\xba\xf0\x9f\x87\xb8\xf0\x9f\x9a\x82#WalkAwayFromDemocrats \n\n\xe2\x80\x98Cotton Candy\xe2\x80\x99...I mean Beto O\xe2\x80\x99 Rourke wants to #Abolish\xe2\x80\xa6'
1051969563431264257,Land of the Free,b'RT @smart_whit: @realDonaldTrump #MAGA \n#TrumpTrain \xf0\x9f\x87\xba\xf0\x9f\x87\xb8\xf0\x9f\x9a\x82\xf0\x9f\x87\xba\xf0\x9f\x87\xb8\xf0\x9f\x9a\x82#WalkAwayFromDemocrats \n\n\xe2\x80\x98Cotton Candy\xe2\x80\x99...I mean Beto O\xe2\x80\x99 Rourke wants to #Abolish\xe2\x80\xa6'
1051963197857574912,CA I live behind enemy lines,b'RT @smart_whit: @realDonaldTrump #MAGA \n#TrumpTrain \xf0\x9f\x87\xba\xf0\x9f\x87\xb8\xf0\x9f\x9a\x82\xf0\x9f\x87\xba\xf0\x9f\x87\xb8\xf0\x9f\x9a\x82#WalkAwayFromDemocrats \n\n\xe2\x80\x98Cotton Candy\xe2\x80\x99...I mean Beto O\xe2\x80\x99 Rourke wants to #Abolish\xe2\x80\xa6'
1051962753760600065,"Norwalk, CT",b'RT @smart_whit: @realDonaldTrump #MAGA \n#TrumpTrain \xf0\x9f\x87\xba\xf0\x9f\x87\xb8\xf0\x9f\x9a\x82\xf0\x9f\x87\xba\xf0\x9f\x87\xb8\xf0\x9f\x9a\x82#WalkAwayFromDemocrats \n\n\xe2\x80\x98Cotton Candy\xe2\x80\x99...I mean Beto O\xe2\x80\x99 Rourke wants to #Abolish\xe2\x80\xa6'
1051961512527622147,Ask~NSA. I am on here 4 Trump!,b'RT @smart_whit: @realDonaldTrump #MAGA \n#TrumpTrain \xf0\x9f\x87\xba\xf0\x9f\x87\xb8\xf0\x9f\x9a\x82\xf0\x9f\x87\xba\xf0\x9f\x87\xb8\xf0\x9f\x9a\x82#WalkAwayFromDemocrats \n\n\xe2\x80\x98Cotton Candy\xe2\x80\x99...I mean Beto O\xe2\x80\x99 Rourke wants to #Abolish\xe2\x80\xa6'
1051961318561992705,Parts Unknown,b'RT @smart_whit: @realDonaldTrump #MAGA \n#TrumpTrain \xf0\x9f\x87\xba\xf0\x9f\x87\xb8\xf0\x9f\x9a\x82\xf0\x9f\x87\xba\xf0\x9f\x87\xb8\xf0\x9f\x9a\x82#WalkAwayFromDemocrats \n\n\xe2\x80\x98Cotton Candy\xe2\x80\x99...I mean Beto O\xe2\x80\x99 Rourke wants to #Abolish\xe2\x80\xa6'
1051961152081543168,"Central Valley, CA.",b'RT @smart_whit: @realDonaldTrump #MAGA \n#TrumpTrain \xf0\x9f\x87\xba\xf0\x9f\x87\xb8\xf0\x9f\x9a\x82\xf0\x9f\x87\xba\xf0\x9f\x87\xb8\xf0\x9f\x9a\x82#WalkAwayFromDemocrats \n\n\xe2\x80\x98Cotton Candy\xe2\x80\x99...I mean Beto O\xe2\x80\x99 Rourke wants to #Abolish\xe2\x80\xa6'
1051960565143240704,,b'RT @smart_whit: @realDonaldTrump #MAGA \n#TrumpTrain \xf0\x9f\x87\xba\xf0\x9f\x87\xb8\xf0\x9f\x9a\x82\xf0\x9f\x87\xba\xf0\x9f\x87\xb8\xf0\x9f\x9a\x82#WalkAwayFromDemocrats \n\n\xe2\x80\x98Cotton Candy\xe2\x80\x99...I mean Beto O\xe2\x80\x99 Rourke wants to #Abolish\xe2\x80\xa6'
1051959021165563905,,"b'RT @Tylerwright911: Before you vote #Beto or #Cruz, consider a 3rd party canidate , a libertarian, a happy medium between liberal and conse\xe2\x80\xa6'"
1051954249842581505,,"b""C'mon TED!\n\nhttps://t.co/WKEtVeJyQb \n\n#TXSen #TexasSenate"""
1051953367902277633,"El Paso, TX",b'I never expected my first press pass to put me somewhere like 15 feet from a U.S. Senator! @tedcruz #republican\xe2\x80\xa6 https://t.co/HO2F27aini'
1051952128913170432,"Hemingway, SC",b'RT @smart_whit: @realDonaldTrump #MAGA \n#TrumpTrain \xf0\x9f\x87\xba\xf0\x9f\x87\xb8\xf0\x9f\x9a\x82\xf0\x9f\x87\xba\xf0\x9f\x87\xb8\xf0\x9f\x9a\x82#WalkAwayFromDemocrats \n\n\xe2\x80\x98Cotton Candy\xe2\x80\x99...I mean Beto O\xe2\x80\x99 Rourke wants to #Abolish\xe2\x80\xa6'
1051952124580519936,The Dark Dimension,"b'RT @moneyking55: This November, @AndrewGillum #FloridaGov , @StaceyAbrams #GeorgiaGov , &amp; @BetoORourke #TexasSenate VOTE \xf0\x9f\x97\xb3 Democrat nationw\xe2\x80\xa6'"
1051946545828921344,Trumpland USA,b'RT @smart_whit: @realDonaldTrump #MAGA \n#TrumpTrain \xf0\x9f\x87\xba\xf0\x9f\x87\xb8\xf0\x9f\x9a\x82\xf0\x9f\x87\xba\xf0\x9f\x87\xb8\xf0\x9f\x9a\x82#WalkAwayFromDemocrats \n\n\xe2\x80\x98Cotton Candy\xe2\x80\x99...I mean Beto O\xe2\x80\x99 Rourke wants to #Abolish\xe2\x80\xa6'
1051943359386976256,USA,b'RT @smart_whit: @realDonaldTrump #MAGA \n#TrumpTrain \xf0\x9f\x87\xba\xf0\x9f\x87\xb8\xf0\x9f\x9a\x82\xf0\x9f\x87\xba\xf0\x9f\x87\xb8\xf0\x9f\x9a\x82#WalkAwayFromDemocrats \n\n\xe2\x80\x98Cotton Candy\xe2\x80\x99...I mean Beto O\xe2\x80\x99 Rourke wants to #Abolish\xe2\x80\xa6'
1051942958461833217,,b'@BetoORourke Are you driving there or taking a skateboard? Be careful if you drive. You might want to stay away fro\xe2\x80\xa6 https://t.co/ghT7xL5Oqx'
1051938071011307521,,b'RT @smart_whit: @realDonaldTrump #MAGA \n#TrumpTrain \xf0\x9f\x87\xba\xf0\x9f\x87\xb8\xf0\x9f\x9a\x82\xf0\x9f\x87\xba\xf0\x9f\x87\xb8\xf0\x9f\x9a\x82#WalkAwayFromDemocrats \n\n\xe2\x80\x98Cotton Candy\xe2\x80\x99...I mean Beto O\xe2\x80\x99 Rourke wants to #Abolish\xe2\x80\xa6'
1051937584086048769,"California, USA",b'@realDonaldTrump #MAGA \n#TrumpTrain \xf0\x9f\x87\xba\xf0\x9f\x87\xb8\xf0\x9f\x9a\x82\xf0\x9f\x87\xba\xf0\x9f\x87\xb8\xf0\x9f\x9a\x82#WalkAwayFromDemocrats \n\n\xe2\x80\x98Cotton Candy\xe2\x80\x99...I mean Beto O\xe2\x80\x99 Rourke wants to\xe2\x80\xa6 https://t.co/iHHxwovLoC'
1051844528104202245,"San Antonio, TX","b'RT @Tylerwright911: Before you vote #Beto or #Cruz, consider a 3rd party canidate , a libertarian, a happy medium between liberal and conse\xe2\x80\xa6'"
1051843270249246721,"Helotes, TX","b'Before you vote #Beto or #Cruz, consider a 3rd party canidate , a libertarian, a happy medium between liberal and c\xe2\x80\xa6 https://t.co/QjL75MbLzc'"
1051781185150574592,,b'RT @_ST3V3N_W: #TXSen #txgov #txpolitics #txpol #TexasSenate #texas #MorningJoe\n#2018Midterms #Midterms #Beto #BetOnBeto #DeadlineWH #mtp #\xe2\x80\xa6'
1051702428385628161,,b'@tedcruz #KeepAmericaGreat #KeepTexasRed #VoteRED #VoteRedMidterms2018 #Texas #texassenate #TedCruz #beto #VetoBeto\xe2\x80\xa6 https://t.co/NqDI2qctnx'
1051617040274997248,"DALLAS, TX",b'betoorourke you proudly have my #support.  Please make sure you do your part and vote in the midterm elections... N\xe2\x80\xa6 https://t.co/Adnb5uO6Rl'
1051520940830588930,McHenry/Kane Counties - IL,b'RT @rgv3307: We are proud to support &amp; endorse \xe2\x81\xa6@tedcruz\xe2\x81\xa9 for #TexasSenate #ToughAsTexas #BorderSecurity #LawEnforcement advocate https://t\xe2\x80\xa6'
1051512540776341504,"Key West, FL",b'RT @_ST3V3N_W: #TXSen #txgov #txpolitics #txpol #TexasSenate #texas #MorningJoe\n#2018Midterms #Midterms #Beto #BetOnBeto #DeadlineWH #mtp #\xe2\x80\xa6'
1051512470555119616,Where I'm At. ,b'RT @_ST3V3N_W: #TXSen #txgov #txpolitics #txpol #TexasSenate #texas #MorningJoe\n#2018Midterms #Midterms #Beto #BetOnBeto #DeadlineWH #mtp #\xe2\x80\xa6'
1051511749453729792,"Tillmans Corner, AL","b'RT @QuinnipiacPoll: #BetoORourke Stalls 9 Points Down in #TexasSenate Race, Poll Finds; Republican Up 20 Points in Governor\xe2\x80\x99s Race https://\xe2\x80\xa6'"
1051509199115509761,,b'RT @_ST3V3N_W: #TXSen #txgov #txpolitics #txpol #TexasSenate #texas #MorningJoe\n#2018Midterms #Midterms #Beto #BetOnBeto #DeadlineWH #mtp #\xe2\x80\xa6'
1051504433132122112,"Mineola, NY",b'RT @_ST3V3N_W: #TXSen #txgov #txpolitics #txpol #TexasSenate #texas #MorningJoe\n#2018Midterms #Midterms #Beto #BetOnBeto #DeadlineWH #mtp #\xe2\x80\xa6'
1051305967411838976,America ,b'@EWErickson #tedcruz #fake #hideshisheritage #pussy #pieceoshit #coward #liar #noonereallylikesme #gop #texas\xe2\x80\xa6 https://t.co/Bdiu7V7UMj'
1051294160450408449,United States,b'RT @JoeTalkShow: #TedCruz\n#BetoORourke \n#TexasSenate https://t.co/vcQT5o8wlH'
1051272832162893825,,b'RT @JoeTalkShow: #TedCruz\n#BetoORourke \n#TexasSenate https://t.co/vcQT5o8wlH'
1051243144375885824,,"b""RT @richardparkertx: @natesilver538 is pretty spot on. The (Yankee) narrative has gone from gushing to declaring @BetoORourke dead. He's ve\xe2\x80\xa6"""
1051242268995153920,"Austin, Texas","b""@natesilver538 is pretty spot on. The (Yankee) narrative has gone from gushing to declaring @BetoORourke dead. He's\xe2\x80\xa6 https://t.co/VM3dKYfcGh"""
1051226668398989312,,b'RT @Blair8o6: Travis Scott @trvisXX For #TexasSenate Vote La Flame \xe2\x9c\x94 https://t.co/2L94nXuRLm'
1051189388884004865,"Kane County, IL",b'RT @rgv3307: We are proud to support &amp; endorse \xe2\x81\xa6@tedcruz\xe2\x81\xa9 for #TexasSenate #ToughAsTexas #BorderSecurity #LawEnforcement advocate https://t\xe2\x80\xa6'
1051184901305851904,,b'RT @JoeTalkShow: #TedCruz\n#BetoORourke \n#TexasSenate https://t.co/vcQT5o8wlH'
1051184563232346112,"Texas, USA","b'I just donated to @tedcruz to help secure his seat in the Senate! Let\xe2\x80\x99s fight for bigger paychecks, secure borders,\xe2\x80\xa6 https://t.co/UBN8JyeHut'"
1051180524981473280,,b'RT @JoeTalkShow: #TedCruz\n#BetoORourke \n#TexasSenate https://t.co/vcQT5o8wlH'
1051177378804850688,,b'RT @JoeTalkShow: #TedCruz\n#BetoORourke \n#TexasSenate https://t.co/vcQT5o8wlH'
1051174281709805570,"Texas, USA",b'RT @JoeTalkShow: #TedCruz\n#BetoORourke \n#TexasSenate https://t.co/vcQT5o8wlH'
1051174074993520640,Texas,b'RT @JoeTalkShow: #TedCruz\n#BetoORourke \n#TexasSenate https://t.co/vcQT5o8wlH'
1051173066703872000,#TX,b'RT @JoeTalkShow: #TedCruz\n#BetoORourke \n#TexasSenate https://t.co/vcQT5o8wlH'
1051172521574322178,"Lecanto,  FL",b'RT @JoeTalkShow: #TedCruz\n#BetoORourke \n#TexasSenate https://t.co/vcQT5o8wlH'
1051172138714128389,,b'RT @JoeTalkShow: #TedCruz\n#BetoORourke \n#TexasSenate https://t.co/vcQT5o8wlH'
1051172130979803137,"RVA, USA",b'RT @JoeTalkShow: #TedCruz\n#BetoORourke \n#TexasSenate https://t.co/vcQT5o8wlH'
1051171864289140737,"San Antonio, TX",b'#TedCruz\n#BetoORourke \n#TexasSenate https://t.co/vcQT5o8wlH'
1051168986724016129,"Texas, USA",b'Cruz doesn\xe2\x80\x99t talk nonsense or \xe2\x80\x9cdream\xe2\x80\x9d scenarios; He talks facts! We need facts! VOTE CRUZ! \n#VoteRed2018 #VoteCruz\xe2\x80\xa6 https://t.co/iTFzrZGSaN'
1051167604033970183,"Kane County, IL",b'RT @rgv3307: We are proud to support &amp; endorse \xe2\x81\xa6@tedcruz\xe2\x81\xa9 for #TexasSenate #ToughAsTexas #BorderSecurity #LawEnforcement advocate https://t\xe2\x80\xa6'
1051158427760807937,"Texas, USA","b'Sen. Cruz believes that Washington\xe2\x80\x99s out-of-control spending robs prosperity from our children and grandchildren, a\xe2\x80\xa6 https://t.co/BEI8XvPPCz'"
1051140455629508618,"Austin, TX - God Bless Texas üôè‚Äã#QFDShadowBanned https://www.youtube.com/watch?v=80s5xuvzCtg&feature=youtu.be","b""@QuinnipiacPoll You cannot buy Texas. You will lose BIGELY - Soros, Hollywood, O'Rourke, HRC &amp; HUSSEIN. \xf0\x9f\x91\x87\xf0\x9f\x8f\xbc\xf0\x9f\x91\x87\xf0\x9f\x8f\xbc\xf0\x9f\x91\x87\xf0\x9f\x8f\xbc\xe2\x80\xa6 https://t.co/aCrPWwv7rP"""
1051138776863522819,"Austin, TX - God Bless Texas üôè‚Äã#QFDShadowBanned https://www.youtube.com/watch?v=80s5xuvzCtg&feature=youtu.be","b'RT @QuinnipiacPoll: #BetoORourke Stalls 9 Points Down in #TexasSenate Race, Poll Finds; Republican Up 20 Points in Governor\xe2\x80\x99s Race https://\xe2\x80\xa6'"
1051120797656502272,United States of America ,b'Beto for Texas Senate Vote Distressed Shirt Beto Orourke for Texas Senate Shi... https://t.co/rlMUcoyHYA via #Beto #TexasSenate #VoteforBeto'
1051107452786274304,Tejas,b'The funny thing is Ted don\xe2\x80\x99t even gotta debate Beto anymore if he doesn\xe2\x80\x99t wanna &amp; still get re-elected by 8% points\xe2\x80\xa6 https://t.co/1WgKm39Fb7'
1051084373968257024,California 1,b'New event scheduled for San Antonio and @BetoORourke \nhttps://t.co/blN1Kxevq2 \nhttps://t.co/cBh94h0A5H  #election\xe2\x80\xa6 https://t.co/Evb8SEy2fk'
1050970550594674688,,"b'@BetoORourke as a young Texan voter who is leaning towards you this November, I would like to know your stance on o\xe2\x80\xa6 https://t.co/igGg7ldfUT'"
1050959185012289536,Texas,"b'RT @QuinnipiacPoll: #BetoORourke Stalls 9 Points Down in #TexasSenate Race, Poll Finds; Republican Up 20 Points in Governor\xe2\x80\x99s Race https://\xe2\x80\xa6'"
1050941987224981504,"Moscow, Russia","b""RT @JMcfeels: Hey @BetoORourke what's going on there, big nnnnguy? #TexasSenate https://t.co/g1i9RJwJcy"""
1050941288713998341,This town used to be so safe,"b""RT @JMcfeels: Hey @BetoORourke what's going on there, big nnnnguy? #TexasSenate https://t.co/g1i9RJwJcy"""
1050902444132261889,,b'RT @hbear71: Vote\n#vote\n#texas\n#mychoice\n#myopinion\n#graffiti\n#beto \n#betoforsenate\n#texassenate https://t.co/E6nWPwxoEc'
1050900490853203968,,b'Vote\n#vote\n#texas\n#mychoice\n#myopinion\n#graffiti\n#beto \n#betoforsenate\n#texassenate https://t.co/E6nWPwxoEc'
1050893163425087488,"Texas, USA",b'#VoteForBeto #Texassenate #texas #sencruz #TedCruz2018 #FridayMotivation Why would Texas vote out a true freedom lo\xe2\x80\xa6 https://t.co/ec5zsqg2ak'
1050884795515977729,"Austin, TX",b'RT @workersdefense: POLL: Who are you rooting for in the #TexasSenate race? \xf0\x9f\xa4\x94'
1050874523472551937,,b'@kurt13warner @BetoORourke Needs our help!! He\xe2\x80\x99s down at the polls! Let\xe2\x80\x99s give him the push to get there!!!!\xe2\x80\xa6 https://t.co/ny9RudOJat'
1050874372045574144,,b'@KingJames @BetoORourke @BetoORourke Needs our help!! He\xe2\x80\x99s down at the polls! Let\xe2\x80\x99s give him the push to get there!\xe2\x80\xa6 https://t.co/acYOE30VH9'
1050861123858296832,United States,b'RT @rgv3307: We are proud to support &amp; endorse \xe2\x81\xa6@tedcruz\xe2\x81\xa9 for #TexasSenate #ToughAsTexas #BorderSecurity #LawEnforcement advocate https://t\xe2\x80\xa6'
1050845610696474625,"Katy, TX",b'@KPRC2 @FOX26Houston @KHOU @abc13houston will you be airing this tonight?\n#TexasSenate https://t.co/ifzkatwWCc'
1050843569559392256,"Houston, TX","b'RT @citysqwirl: Our new Beto sign at night, with Henry.\n\nVote Human.  Vote Beto. \n\n#beto #betoorourke #betofortexas @betoorourke #senate #e\xe2\x80\xa6'"
1050840732049821697,"Houston, TX","b'Our new Beto sign at night, with Henry.\n\nVote Human.  Vote Beto. \n\n#beto #betoorourke #betofortexas @betoorourke\xe2\x80\xa6 https://t.co/vRIV96gmex'"
1050836585007087616,"Colorado, USA","b'RT @charles_tindol: TEXAS,  please be sure to vote for Senator Cruz.\n#TexasSenate \n#BetoORourke \n#TedCruz2018 \n#VoteRedToSaveAmerica \n#Vote\xe2\x80\xa6'"
1050826710835441664,"Galveston, TX",b'Betomania! raising record 38 mil while Cruz opens up a wide lead. #TexasSenate #BetoForSenate #CruzToVictory\n\n https://t.co/150KpM8oLB'
1050826122311725056,"Austin, TX","b'Can we just, as a state, agree the senate race is between:\nBeto and Ted OR Robert and Rafael?\nThe fact that the mos\xe2\x80\xa6 https://t.co/Gml16GeVcn'"
1050824210547965952,"Texas, USA","b'@Sgroberts121657 @tedcruz Robert Frances O\xe2\x80\x99Rourke, the son of Paddy O\xe2\x80\x99Rourke, must be disappointed he didn\xe2\x80\x99t get Hi\xe2\x80\xa6 https://t.co/iYohmGlVrx'"
1050805030385799173,,"b'RT @jonathantasini: Via Dallas Morning News: #BetoORourke fundraising totals by quarter--\nQ2 2017: $2,077,601\nQ3 2017: $1,698,001\nQ4 2017:\xe2\x80\xa6'"
1050800132697059329,,b'RT @rgv3307: We are proud to support &amp; endorse \xe2\x81\xa6@tedcruz\xe2\x81\xa9 for #TexasSenate #ToughAsTexas #BorderSecurity #LawEnforcement advocate https://t\xe2\x80\xa6'
1050795084625543168,New York,"b'Via Dallas Morning News: #BetoORourke fundraising totals by quarter--\nQ2 2017: $2,077,601\nQ3 2017: $1,698,001\nQ4 20\xe2\x80\xa6 https://t.co/wngxTWYV6a'"
1050788339786440705,,"b""#Beto O'Rourke breaks fundraising record, raises $38 million in 3 months\n\n#TexasSenate\n\nhttps://t.co/N2Droldr0A"""
1050778564818165761,United States,"b'The progressive love affair with Robert Francis ""Beto"" O\'Rourke is a true reflection of ""white privilege"". His Cuba\xe2\x80\xa6 https://t.co/ije6dfqYL9'"
1050778440570351617,"Seattle, WA",b'Dude @BetoORourke just donate all the fundraising to charity. Make it useful for someone else. #TexasSenate'
1050775095927549953,,"b""RT @JMcfeels: Hey @BetoORourke what's going on there, big nnnnguy? #TexasSenate https://t.co/g1i9RJwJcy"""
1050772152952217601,New York NY,"b""Associated Press: #BetoORourke's Improbable Senate Run Still Needs #Latinos to Win https://t.co/WeqF5AgZrn  #TexasSenate #Midterms2018"""
1050749611453927424,,b'@block215 @DRUDGE_REPORT #TexasTech #TexasSenate @TexasNewsTSTV @TexasNewsHound @texasgov #texasrangers\xe2\x80\xa6 https://t.co/v3vnKhTSEL'
1050748172413362177,,b'@TerryWRobertson @DRUDGE_REPORT @Sandfarmer007 #TexasTech #Texas #TexasSenate #DemocratsAreDangerous'
1050735406235443202,"Bryan, TX","b""GOP consultant @MattMackowiak commends @BetoORourke's achievements in the #TexasSenate race, but faults his strateg\xe2\x80\xa6 https://t.co/3CUiJlbSMb"""
1050719634817736704,,"b""RT @JMcfeels: Hey @BetoORourke what's going on there, big nnnnguy? #TexasSenate https://t.co/g1i9RJwJcy"""
1050693551120617472,"Stamford, CT","b'RT @QuinnipiacPoll: #BetoORourke Stalls 9 Points Down in #TexasSenate Race, Poll Finds; Republican Up 20 Points in Governor\xe2\x80\x99s Race https://\xe2\x80\xa6'"
1050682501121765376,United States,"b'RT @QuinnipiacPoll: #BetoORourke Stalls 9 Points Down in #TexasSenate Race, Poll Finds; Republican Up 20 Points in Governor\xe2\x80\x99s Race https://\xe2\x80\xa6'"
1050627518808580098,United States,"b'RT @KrauseForIowa: @CheriJacobus @MSNBC The day after the election, #Cruz will go from #PresidentialContender to #YesterdaysLunch. Maybe we\xe2\x80\xa6'"
1050621937708236801,Iowa,"b'@CheriJacobus @MSNBC The day after the election, #Cruz will go from #PresidentialContender to #YesterdaysLunch. May\xe2\x80\xa6 https://t.co/0376lxSZ9B'"
1050621594702233600,Northern Cali üòé,b'@darthur111 @almostjingo @SteveAn14014156 Sweaty Beto \xf0\x9f\x98\x93 song is hilarious \n\n#VoteRedTed \xe2\x9d\xa4\xef\xb8\x8f #TexasSenate\xe2\x80\xa6 https://t.co/67KleNFDI2'
1050614553879269376,"Queens, NY","b""RT @JMcfeels: Hey @BetoORourke what's going on there, big nnnnguy? #TexasSenate https://t.co/g1i9RJwJcy"""
1050608206450286597,American Sooner Born,"b""RT @JMcfeels: Hey @BetoORourke what's going on there, big nnnnguy? #TexasSenate https://t.co/g1i9RJwJcy"""
1050597975494258694,,"b'RT @charles_tindol: TEXAS,  please be sure to vote for Senator Cruz.\n#TexasSenate \n#BetoORourke \n#TedCruz2018 \n#VoteRedToSaveAmerica \n#Vote\xe2\x80\xa6'"
1050592134255058944,"Tennessee, USA",b'RT @rgv3307: We are proud to support &amp; endorse \xe2\x81\xa6@tedcruz\xe2\x81\xa9 for #TexasSenate #ToughAsTexas #BorderSecurity #LawEnforcement advocate https://t\xe2\x80\xa6'
1050589729400471552,"Texas, USA",b'RT @rgv3307: We are proud to support &amp; endorse \xe2\x81\xa6@tedcruz\xe2\x81\xa9 for #TexasSenate #ToughAsTexas #BorderSecurity #LawEnforcement advocate https://t\xe2\x80\xa6'
1050587973731766272,NW Montana,b'RT @rgv3307: We are proud to support &amp; endorse \xe2\x81\xa6@tedcruz\xe2\x81\xa9 for #TexasSenate #ToughAsTexas #BorderSecurity #LawEnforcement advocate https://t\xe2\x80\xa6'
1050584343209480192,"Austin, Texas","b""Want to know what happens with @BetoORourke, @tedcruz and #TexasSenate in 2018? It's all right here. Buy it on Amaz\xe2\x80\xa6 https://t.co/sQM7Auu92M"""
1050584254285922305," Temecula, California ",b'RT @bbrown7008: Let me see \xf0\x9f\xa4\x94 The last time I saw @tedcruz palling around with #antifa was.... never \n#TedCruz #TexasSenate #NovemberIsComin\xe2\x80\xa6'
1050583114894823431,"California, USA",b'Let me see \xf0\x9f\xa4\x94 The last time I saw @tedcruz palling around with #antifa was.... never \n#TedCruz #TexasSenate\xe2\x80\xa6 https://t.co/6Q5QuKJevb'
1050578719872569344,,b'RT @BarbaraAMckenn2: #Texas #TexasSenate   HEY TEXAS!! - USE YOUR COMMON SENSE!!! EVERYDAY PEOPLE - DO NOT VOTE FOR THE RICH TO STEAL EVERY\xe2\x80\xa6'
1050577697305448448,,b'#Texas #TexasSenate   HEY TEXAS!! - USE YOUR COMMON SENSE!!! EVERYDAY PEOPLE - DO NOT VOTE FOR THE RICH TO STEAL EV\xe2\x80\xa6 https://t.co/UUR8DIMWwA'
1050573419929067520,,"b""RT @JMcfeels: Hey @BetoORourke what's going on there, big nnnnguy? #TexasSenate https://t.co/g1i9RJwJcy"""
1050569924505157635,"Round Rock, Texas","b'RT @QuinnipiacPoll: #BetoORourke Stalls 9 Points Down in #TexasSenate Race, Poll Finds; Republican Up 20 Points in Governor\xe2\x80\x99s Race https://\xe2\x80\xa6'"
1050568879943114752,United States,"b'Republicans at it again. When you can\xe2\x80\x99t run on your record, you \xe2\x80\x9cplow right through!\xe2\x80\x9d #TexasSenate #BlueWave https://t.co/GdA0nNw9Qd'"
1050567740749164544,,"b'RT @QuinnipiacPoll: #BetoORourke Stalls 9 Points Down in #TexasSenate Race, Poll Finds; Republican Up 20 Points in Governor\xe2\x80\x99s Race https://\xe2\x80\xa6'"
1050563968010317824,"Texas, USA",b'RT @Susans_Island: #tcot #TexasSenate #VoteRedToSaveAmerica #CruzToVictory #ChooseCruz @tedcruz https://t.co/3tHMlgcXXu'
1050557601996398592,brapcity,"b""RT @JMcfeels: Hey @BetoORourke what's going on there, big nnnnguy? #TexasSenate https://t.co/g1i9RJwJcy"""
1050556418074513408,"Cedarville, OH","b""Thoughts on #TexasSenate as we are now less than a month from #ElectionDay2018. Here's a simple outline of why Ted\xe2\x80\xa6 https://t.co/2PqUgxflQR"""
1050554806878855168,,"b""RT @JMcfeels: Hey @BetoORourke what's going on there, big nnnnguy? #TexasSenate https://t.co/g1i9RJwJcy"""
1050553123331338242,,"b""RT @JMcfeels: Hey @BetoORourke what's going on there, big nnnnguy? #TexasSenate https://t.co/g1i9RJwJcy"""
1050551124498030593,"Montgomery, AL","b""RT @JMcfeels: Hey @BetoORourke what's going on there, big nnnnguy? #TexasSenate https://t.co/g1i9RJwJcy"""
1050551045229764608,Texas,"b""RT @JMcfeels: Hey @BetoORourke what's going on there, big nnnnguy? #TexasSenate https://t.co/g1i9RJwJcy"""
1050550729713188865,"Washington, DC","b""RT @JMcfeels: Hey @BetoORourke what's going on there, big nnnnguy? #TexasSenate https://t.co/g1i9RJwJcy"""
1050545995292073985,Ohio,"b""RT @JMcfeels: Hey @BetoORourke what's going on there, big nnnnguy? #TexasSenate https://t.co/g1i9RJwJcy"""
1050545464070656000,A Gym,"b""RT @JMcfeels: Hey @BetoORourke what's going on there, big nnnnguy? #TexasSenate https://t.co/g1i9RJwJcy"""
1050542508399357954,"Texas, USA",b'@gromerjeffers @BetoORourke #VoteBETOforSenate #VoteBetoForTexas #VotingBlue #BlueWave2018 #VoteForBeto\xe2\x80\xa6 https://t.co/ENk8Kc0lYB'
1050539520112951296,USA,b'@SaraGonzalesTX #TexasSenate'
1050537955465592832,,"b""RT @JMcfeels: Hey @BetoORourke what's going on there, big nnnnguy? #TexasSenate https://t.co/g1i9RJwJcy"""
1050536798441664512,Tweeter Land ,"b""RT @JMcfeels: Hey @BetoORourke what's going on there, big nnnnguy? #TexasSenate https://t.co/g1i9RJwJcy"""
1050533748691886080,"Washington, DC",b'RT @DonTheCon2016: Ted Cruz for Texas!\n\n#TexasSenate #TXSen #KeepTexasRed #MAGA #KAG2018 https://t.co/b7JbgbxlmZ'
1050531510808432641,"Lakeland, FL",b'RT @_ST3V3N_W: #TXSen #txgov #txpolitics #txpol #TexasSenate #texas #MorningJoe\n#2018Midterms #Midterms #Beto #BetOnBeto #DeadlineWH #mtp #\xe2\x80\xa6'
1050528612481261568,,b'RT @rgv3307: We are proud to support &amp; endorse \xe2\x81\xa6@tedcruz\xe2\x81\xa9 for #TexasSenate #ToughAsTexas #BorderSecurity #LawEnforcement advocate https://t\xe2\x80\xa6'
1050517137213743104,Arizona/Central Calif,b'RT @Bl_Esser: @realDonaldTrump @POTUS @VP \n#TexasElection\n@tedcruz \n#Cruz2018 \n#TEXAS\n#TexasSenate \n#VoteTedCruz2018 \n#VoteRepublican \n#Vot\xe2\x80\xa6'
1050516568193622016,"Houston, Texas",b'.\xe2\x81\xa6@tedcruz\xe2\x81\xa9 Holds 9-Point Lead over .\xe2\x81\xa6@BetoORourke\xe2\x81\xa9 in Latest #TexasSenate Race Poll #Midterms2018  https://t.co/1N56QIno2S'
1050516513596141568,Arizona,b'@realDonaldTrump @POTUS @VP \n#TexasElection\n@tedcruz \n#Cruz2018 \n#TEXAS\n#TexasSenate \n#VoteTedCruz2018\xe2\x80\xa6 https://t.co/CkoRmrtEfs'
1050514730354335744,"√úT: 32.694864,-96.843005",b'@DanPatrick If you have to lie about Dems wanting open borders you should not be reelected. No One wants open borde\xe2\x80\xa6 https://t.co/IG35fR2JuV'
1050514005897273344,,b'What the fuck is Ted Cruz doing? #tedcruz #texassenate #memesdaily #cruz https://t.co/patmM2PyIE'
1050513922879410176,Hell,"b""RT @JMcfeels: Hey @BetoORourke what's going on there, big nnnnguy? #TexasSenate https://t.co/g1i9RJwJcy"""
1050512617905762304,,"b'TEXAS,  please be sure to vote for Senator Cruz.\n#TexasSenate \n#BetoORourke \n#TedCruz2018 \n#VoteRedToSaveAmerica\xe2\x80\xa6 https://t.co/dpkuWJyQSO'"
1050512527430508546,California 1,b'New event scheduled for San Antonio and @BetoORourke \nhttps://t.co/blN1Kxevq2 \xe2\x80\xa6\nhttps://t.co/cBh94h0A5H  #election\xe2\x80\xa6 https://t.co/4fnobfEtTi'
1050512332684754944,Fields of Regret,"b""RT @JMcfeels: Hey @BetoORourke what's going on there, big nnnnguy? #TexasSenate https://t.co/g1i9RJwJcy"""
1050510867526123520,"California, USA",b'#TexasSenate #DallasCowboys #Texans https://t.co/V4ix4seZaT'
1050509770971439104,www.shycamgoys.com,"b""RT @JMcfeels: Hey @BetoORourke what's going on there, big nnnnguy? #TexasSenate https://t.co/g1i9RJwJcy"""
1050509751665270784,"Milpitas, CA","b""RT @JMcfeels: Hey @BetoORourke what's going on there, big nnnnguy? #TexasSenate https://t.co/g1i9RJwJcy"""
1050509271727771649,#not of this world,"b""RT @JMcfeels: Hey @BetoORourke what's going on there, big nnnnguy? #TexasSenate https://t.co/g1i9RJwJcy"""
1050508883284742144,United States,"b""RT @JMcfeels: Hey @BetoORourke what's going on there, big nnnnguy? #TexasSenate https://t.co/g1i9RJwJcy"""
1050507809606066177,"Winter Haven, FL","b""RT @JMcfeels: Hey @BetoORourke what's going on there, big nnnnguy? #TexasSenate https://t.co/g1i9RJwJcy"""
1050507617619959809,Your Frendly Neighbor,"b""RT @JMcfeels: Hey @BetoORourke what's going on there, big nnnnguy? #TexasSenate https://t.co/g1i9RJwJcy"""
1050506213010624512,USA,"b""RT @JMcfeels: Hey @BetoORourke what's going on there, big nnnnguy? #TexasSenate https://t.co/g1i9RJwJcy"""
1050503370178527234,,"b""RT @JMcfeels: Hey @BetoORourke what's going on there, big nnnnguy? #TexasSenate https://t.co/g1i9RJwJcy"""
1050501503658717184,,"b""RT @JMcfeels: Hey @BetoORourke what's going on there, big nnnnguy? #TexasSenate https://t.co/g1i9RJwJcy"""
1050501439607332868,"Dana Point, CA","b""RT @JMcfeels: Hey @BetoORourke what's going on there, big nnnnguy? #TexasSenate https://t.co/g1i9RJwJcy"""
1050501195104772097,NONE OF YOUR BUSINESS,"b""RT @JMcfeels: Hey @BetoORourke what's going on there, big nnnnguy? #TexasSenate https://t.co/g1i9RJwJcy"""
1050500412523073536,"Plano, TX","b""RT @MarkPhariss: Let's elect someone who will listen to the voters, all voters!  \n\n#TXLege #TexasSenate #Texas #BlueWave #BlueWave2018 http\xe2\x80\xa6"""
1050499307311456257,Capital of FUN!,"b""RT @JMcfeels: Hey @BetoORourke what's going on there, big nnnnguy? #TexasSenate https://t.co/g1i9RJwJcy"""
1050497756450701315,,"b""RT @JMcfeels: Hey @BetoORourke what's going on there, big nnnnguy? #TexasSenate https://t.co/g1i9RJwJcy"""
1050496563951398912,Heartland,"b""RT @JMcfeels: Hey @BetoORourke what's going on there, big nnnnguy? #TexasSenate https://t.co/g1i9RJwJcy"""
1050496317024174085,Bron-Yr-Aur,"b""RT @JMcfeels: Hey @BetoORourke what's going on there, big nnnnguy? #TexasSenate https://t.co/g1i9RJwJcy"""
1050495580923944960,,"b'RT @todosono: @MichaelAvenatti @BetoORourke Thanks, Mikey! Your endorsement is the kiss of death! #TedCruz @tedcruz #TexasSenate'"
1050494766432092160,"Fort Myers Beach, FL","b""RT @JMcfeels: Hey @BetoORourke what's going on there, big nnnnguy? #TexasSenate https://t.co/g1i9RJwJcy"""
1050494680608182272,Texas,"b""RT @JMcfeels: Hey @BetoORourke what's going on there, big nnnnguy? #TexasSenate https://t.co/g1i9RJwJcy"""
1050494573817020416,,"b""RT @JMcfeels: Hey @BetoORourke what's going on there, big nnnnguy? #TexasSenate https://t.co/g1i9RJwJcy"""
1050494229364072454,"South Burlington, VT",b'Young people of Texas: PLEASE VOTE NEXT MONTH! Your vote will either keep your incumbent senator (who thinks mastur\xe2\x80\xa6 https://t.co/fqCN8pj3Gb'
1050491975131123716,"Austin, TX","b""CANCEL Halloween, these #TexasSenate Race polls are horrifying enough and I'm tired"""
1050491149750886401,North Carolina,"b""RT @JMcfeels: Hey @BetoORourke what's going on there, big nnnnguy? #TexasSenate https://t.co/g1i9RJwJcy"""
1050488881030680576,America! üá∫üá∏ü¶Öüá∫üá∏,"b""RT @JMcfeels: Hey @BetoORourke what's going on there, big nnnnguy? #TexasSenate https://t.co/g1i9RJwJcy"""
1050485600673878016,US Left Coast,b'#TexasSenate #texas\nYou have far more pressing issues than what you do in the privacy of your own bedroom.\xe2\x80\xa6 https://t.co/u6HxNsicn1'
1050484964410572800,"Orcutt, CA",b'I am ready to call the Texas Senate race for @tedcruz...\n\nYou heard it here first. \n\n#TexasSenate #BetoForTexas #CruzToVictory'
1050483852521684993,"Texas, USA","b""RT @JMcfeels: Hey @BetoORourke what's going on there, big nnnnguy? #TexasSenate https://t.co/g1i9RJwJcy"""
1050482105006714880,ClownWorld,"b""RT @JMcfeels: Hey @BetoORourke what's going on there, big nnnnguy? #TexasSenate https://t.co/g1i9RJwJcy"""
1050481675724103680,,"b""RT @JMcfeels: Hey @BetoORourke what's going on there, big nnnnguy? #TexasSenate https://t.co/g1i9RJwJcy"""
1050480837542731777,"Texas, USA",b'#tcot #TexasSenate #VoteRedToSaveAmerica #CruzToVictory #ChooseCruz @tedcruz https://t.co/3tHMlgcXXu'
1050480664469008384,Texas,"b'RT @QuinnipiacPoll: #BetoORourke Stalls 9 Points Down in #TexasSenate Race, Poll Finds; Republican Up 20 Points in Governor\xe2\x80\x99s Race https://\xe2\x80\xa6'"
1050478788746911745,,"b""RT @JMcfeels: Hey @BetoORourke what's going on there, big nnnnguy? #TexasSenate https://t.co/g1i9RJwJcy"""
1050478614725181445,"Vagina, Kurgan Oblast, Russia","b""RT @JMcfeels: Hey @BetoORourke what's going on there, big nnnnguy? #TexasSenate https://t.co/g1i9RJwJcy"""
1050478277775757312,United States of America,"b""RT @JMcfeels: Hey @BetoORourke what's going on there, big nnnnguy? #TexasSenate https://t.co/g1i9RJwJcy"""
1050476276815945730,127.0.0.255,"b""RT @JMcfeels: Hey @BetoORourke what's going on there, big nnnnguy? #TexasSenate https://t.co/g1i9RJwJcy"""
1050476173904498690,United States,"b""RT @JMcfeels: Hey @BetoORourke what's going on there, big nnnnguy? #TexasSenate https://t.co/g1i9RJwJcy"""
1050476081906503680,"Washington, DC","b""Hey @BetoORourke what's going on there, big nnnnguy? #TexasSenate https://t.co/g1i9RJwJcy"""
1050474187444240384,"Mercer Island, Wa","b'I really, REALLY want #Beto to beat that Raphael asshole... \n#BetoForTexas #BetoForSenate #BetoORourke #TexasSenate\xe2\x80\xa6 https://t.co/uajRxj61yo'"
1050467878712037378,"Burleson, TX",b'RT @rgv3307: We are proud to support &amp; endorse \xe2\x81\xa6@tedcruz\xe2\x81\xa9 for #TexasSenate #ToughAsTexas #BorderSecurity #LawEnforcement advocate https://t\xe2\x80\xa6'
1050466395841024001,"Texas, USA",b'RT @amadeus0070: Senator @tedcruz did you decline an opportunity to debate Rep. @BetoORourke in The Valley?  @RNCLatinos @GOP #utrgv #Texas\xe2\x80\xa6'
1050462002601123840,"Flagstaff, AZ",b'@joel_capizzi #TexasSenate - must go harder. Dems rounding up Chicago dead to vote Beto.'
1050460191542657024,"Edinburg, TX",b'Senator @tedcruz did you decline an opportunity to debate Rep. @BetoORourke in The Valley?  @RNCLatinos @GOP #utrgv\xe2\x80\xa6 https://t.co/wuQTVo408N'
1050452847484125184,,b'@jaketapper Yeah- Go Go @tedcruz - \xf0\x9f\x87\xba\xf0\x9f\x87\xb8\xe2\x9d\xa4\xef\xb8\x8f\xf0\x9f\xa4\xa0#AmericaFirst #TexasSenate'
1050446927643447296,,b'RT @PaigeGauge: #resist #WomensMarch #WomensRights #TexasSenate https://t.co/8us48NMu6f'
1050440540687351808,Planet Earth,b'The PACs are funding the @tedcruz campaign. The PEOPLE are funding the @BetoORourke campaign. Ask yourself who each\xe2\x80\xa6 https://t.co/2r3nHSEnYx'
1050438772947607562,Planet Earth,"b'I try to avoid being political on FB or Twitter, but @tedcruz only attacks others and talks about what he WILL DO.\xe2\x80\xa6 https://t.co/AVToZSiBHT'"
1050437124003106816,"D/FW, TX ","b'RT @QuinnipiacPoll: #BetoORourke Stalls 9 Points Down in #TexasSenate Race, Poll Finds; Republican Up 20 Points in Governor\xe2\x80\x99s Race https://\xe2\x80\xa6'"
1050436493687189504,,"b""@mewhovotes @tedcruz But easily controlled by Big Texas...he's Their BF GUY! #TexasSenate #Texas #texastough"""
1050435768588689408,US of A,"b'RT @QuinnipiacPoll: #BetoORourke Stalls 9 Points Down in #TexasSenate Race, Poll Finds; Republican Up 20 Points in Governor\xe2\x80\x99s Race https://\xe2\x80\xa6'"
1050434864233816073,....ranchin' in central Texas,"b'RT @QuinnipiacPoll: #BetoORourke Stalls 9 Points Down in #TexasSenate Race, Poll Finds; Republican Up 20 Points in Governor\xe2\x80\x99s Race https://\xe2\x80\xa6'"
1050434455234580480,"Austin, TX",b'POLL: Who are you rooting for in the #TexasSenate race? \xf0\x9f\xa4\x94'
1050433577547051008,,"b"".@MichaelAvenatti  isn't a coward, a liar and a traitor like you are @tedcruz \n#Texas and #TexasSenate  deserves a\xe2\x80\xa6 https://t.co/PwmPG0zczx"""
1050432790779584514,"Colorado, USA","b""RT @MediaJuggernaut: GAME OVER.\nCreepy porn lawyer Michael Avenatti endorses Beto O'Rourke...\nCongratulations @tedcruz on your re-election\xf0\x9f\xa4\xa0\xe2\x80\xa6"""
1050432526446157825,"Texas, USA","b'RT @QuinnipiacPoll: #BetoORourke Stalls 9 Points Down in #TexasSenate Race, Poll Finds; Republican Up 20 Points in Governor\xe2\x80\x99s Race https://\xe2\x80\xa6'"
1050431290305069056,Brazil; New York City,b'#TexasSenate #TexasRangers #TexasTech #Texans #DallasCowboys #dallaspride #Dallas #Austin #HOUSTONASTROS\xe2\x80\xa6 https://t.co/EuSDNaTEAd'
1050429459705282560,,b'RT @rgv3307: We are proud to support &amp; endorse \xe2\x81\xa6@tedcruz\xe2\x81\xa9 for #TexasSenate #ToughAsTexas #BorderSecurity #LawEnforcement advocate https://t\xe2\x80\xa6'
1050429175297990656,,b'RT @rgv3307: We are proud to support &amp; endorse \xe2\x81\xa6@tedcruz\xe2\x81\xa9 for #TexasSenate #ToughAsTexas #BorderSecurity #LawEnforcement advocate https://t\xe2\x80\xa6'
1050428126210260995,"Burleson, TX",b'RT @rgv3307: We are proud to support &amp; endorse \xe2\x81\xa6@tedcruz\xe2\x81\xa9 for #TexasSenate #ToughAsTexas #BorderSecurity #LawEnforcement advocate https://t\xe2\x80\xa6'
1050427632322600961,"Pennsylvania, USA",b'RT @rgv3307: We are proud to support &amp; endorse \xe2\x81\xa6@tedcruz\xe2\x81\xa9 for #TexasSenate #ToughAsTexas #BorderSecurity #LawEnforcement advocate https://t\xe2\x80\xa6'
1050426474413600768,United States,"b""RT @MediaJuggernaut: GAME OVER.\nCreepy porn lawyer Michael Avenatti endorses Beto O'Rourke...\nCongratulations @tedcruz on your re-election\xf0\x9f\xa4\xa0\xe2\x80\xa6"""
1050426459205046273,Great State of Texas,b'RT @rgv3307: We are proud to support &amp; endorse \xe2\x81\xa6@tedcruz\xe2\x81\xa9 for #TexasSenate #ToughAsTexas #BorderSecurity #LawEnforcement advocate https://t\xe2\x80\xa6'
1050426166706925570,,"b""RT @MediaJuggernaut: GAME OVER.\nCreepy porn lawyer Michael Avenatti endorses Beto O'Rourke...\nCongratulations @tedcruz on your re-election\xf0\x9f\xa4\xa0\xe2\x80\xa6"""
1050425991703797760,United States,"b""RT @MediaJuggernaut: GAME OVER.\nCreepy porn lawyer Michael Avenatti endorses Beto O'Rourke...\nCongratulations @tedcruz on your re-election\xf0\x9f\xa4\xa0\xe2\x80\xa6"""
1050424607923146753,#DONT MESS WITH TEXAS WOMEN,"b""RT @MediaJuggernaut: GAME OVER.\nCreepy porn lawyer Michael Avenatti endorses Beto O'Rourke...\nCongratulations @tedcruz on your re-election\xf0\x9f\xa4\xa0\xe2\x80\xa6"""
1050424212521971722,"Texas, USA",b'RT @rgv3307: We are proud to support &amp; endorse \xe2\x81\xa6@tedcruz\xe2\x81\xa9 for #TexasSenate #ToughAsTexas #BorderSecurity #LawEnforcement advocate https://t\xe2\x80\xa6'
1050419846020825088,"Boston, MA","b'RT @QuinnipiacPoll: #BetoORourke Stalls 9 Points Down in #TexasSenate Race, Poll Finds; Republican Up 20 Points in Governor\xe2\x80\x99s Race https://\xe2\x80\xa6'"
1050417742648565760,West Coast,b'#TexasSenate https://t.co/E6y4qZLuNS'
1050416329147277314,"Tuscaloosa, Alabama","b'RT @QuinnipiacPoll: #BetoORourke Stalls 9 Points Down in #TexasSenate Race, Poll Finds; Republican Up 20 Points in Governor\xe2\x80\x99s Race https://\xe2\x80\xa6'"
1050415822148173824,"Long Island, New York",b'#TexasSenate @RNC #MAGA https://t.co/FPAKaCQGIg'
1050412900861583360,,b'#TexasSenate https://t.co/zjgV7GY7eu'
1050410813280858113,,"b'Hey Texas, it\xe2\x80\x99s time to #VoteBeto!! #BetoORourke #TimeForChange @BetoORourke #Texas #TexasSenate #TedCruz #LyinTed\xe2\x80\xa6 https://t.co/rNOoPjyGY4'"
1050408889957605376,U.S.,b'RT @rgv3307: We are proud to support &amp; endorse \xe2\x81\xa6@tedcruz\xe2\x81\xa9 for #TexasSenate #ToughAsTexas #BorderSecurity #LawEnforcement advocate https://t\xe2\x80\xa6'
1050408393398243330,Chicago,"b'Beto O\xe2\x80\x99Rourke Has Alliance With \xe2\x80\x98Drug Truth Network\xe2\x80\x99 Host, Who Thinks America Is Like Nazi Germany\xe2\x80\xa6 https://t.co/wonJHLMtGe'"
1050404322213679106,,"b'RT @QuinnipiacPoll: #BetoORourke Stalls 9 Points Down in #TexasSenate Race, Poll Finds; Republican Up 20 Points in Governor\xe2\x80\x99s Race https://\xe2\x80\xa6'"
1050403764299943936,,"b'RT @QuinnipiacPoll: #BetoORourke Stalls 9 Points Down in #TexasSenate Race, Poll Finds; Republican Up 20 Points in Governor\xe2\x80\x99s Race https://\xe2\x80\xa6'"
1050402862239498240,USA,"b""GAME OVER.\nCreepy porn lawyer Michael Avenatti endorses Beto O'Rourke...\nCongratulations @tedcruz on your re-electi\xe2\x80\xa6 https://t.co/CS9rwm5udW"""
1050402443778056193,Texas,"b'RT @QuinnipiacPoll: #BetoORourke Stalls 9 Points Down in #TexasSenate Race, Poll Finds; Republican Up 20 Points in Governor\xe2\x80\x99s Race https://\xe2\x80\xa6'"
1050402386152488960,"Dallas, TX","b'RT @QuinnipiacPoll: #BetoORourke Stalls 9 Points Down in #TexasSenate Race, Poll Finds; Republican Up 20 Points in Governor\xe2\x80\x99s Race https://\xe2\x80\xa6'"
1050402272205783040,The REAL Upstate NY,"b'RT @QuinnipiacPoll: #BetoORourke Stalls 9 Points Down in #TexasSenate Race, Poll Finds; Republican Up 20 Points in Governor\xe2\x80\x99s Race https://\xe2\x80\xa6'"
1050402189477388289,"League City, Texas","b'RT @QuinnipiacPoll: #BetoORourke Stalls 9 Points Down in #TexasSenate Race, Poll Finds; Republican Up 20 Points in Governor\xe2\x80\x99s Race https://\xe2\x80\xa6'"
1050399310804897793,"Atlanta, Georgia","b'RT @QuinnipiacPoll: #BetoORourke Stalls 9 Points Down in #TexasSenate Race, Poll Finds; Republican Up 20 Points in Governor\xe2\x80\x99s Race https://\xe2\x80\xa6'"
1050398387944730625,"Virginia, USA","b'RT @QuinnipiacPoll: #BetoORourke Stalls 9 Points Down in #TexasSenate Race, Poll Finds; Republican Up 20 Points in Governor\xe2\x80\x99s Race https://\xe2\x80\xa6'"
1050398239890055170,"Mont Saint-Michel, France","b'RT @QuinnipiacPoll: #BetoORourke Stalls 9 Points Down in #TexasSenate Race, Poll Finds; Republican Up 20 Points in Governor\xe2\x80\x99s Race https://\xe2\x80\xa6'"
1050397918254047232,USA,"b'RT @QuinnipiacPoll: #BetoORourke Stalls 9 Points Down in #TexasSenate Race, Poll Finds; Republican Up 20 Points in Governor\xe2\x80\x99s Race https://\xe2\x80\xa6'"
1050397630751100930,Portland Oregon ,"b'RT @QuinnipiacPoll: #BetoORourke Stalls 9 Points Down in #TexasSenate Race, Poll Finds; Republican Up 20 Points in Governor\xe2\x80\x99s Race https://\xe2\x80\xa6'"
1050397082408902656,United States,"b'RT @QuinnipiacPoll: #BetoORourke Stalls 9 Points Down in #TexasSenate Race, Poll Finds; Republican Up 20 Points in Governor\xe2\x80\x99s Race https://\xe2\x80\xa6'"
1050396650672443394,California 1,b'New event scheduled for San Antonio and @BetoORourke \nhttps://t.co/blN1Kxevq2\nhttps://t.co/cBh94h0A5H #election\xe2\x80\xa6 https://t.co/PrZ3VT7LDp'
1050395872767303680,"San Diego, CA","b'RT @QuinnipiacPoll: #BetoORourke Stalls 9 Points Down in #TexasSenate Race, Poll Finds; Republican Up 20 Points in Governor\xe2\x80\x99s Race https://\xe2\x80\xa6'"
1050395789275615234,,"b'RT @QuinnipiacPoll: #BetoORourke Stalls 9 Points Down in #TexasSenate Race, Poll Finds; Republican Up 20 Points in Governor\xe2\x80\x99s Race https://\xe2\x80\xa6'"
1050395622971514880,,"b'RT @QuinnipiacPoll: #BetoORourke Stalls 9 Points Down in #TexasSenate Race, Poll Finds; Republican Up 20 Points in Governor\xe2\x80\x99s Race https://\xe2\x80\xa6'"
1050395509767249920,Texas,"b'RT @QuinnipiacPoll: #BetoORourke Stalls 9 Points Down in #TexasSenate Race, Poll Finds; Republican Up 20 Points in Governor\xe2\x80\x99s Race https://\xe2\x80\xa6'"
1050393593163071493,,b'RT @rgv3307: We are proud to support &amp; endorse \xe2\x81\xa6@tedcruz\xe2\x81\xa9 for #TexasSenate #ToughAsTexas #BorderSecurity #LawEnforcement advocate https://t\xe2\x80\xa6'
1050393066576732160,Dallas Texas,"b'RT @BrianA59: BETO O\xe2\x80\x99ROURKE HAS ALLIANCE WITH \xe2\x80\x98DRUG TRUTH NETWORK\xe2\x80\x99 HOST, WHO THINKS AMERICA IS LIKE NAZI GERMANY\n\nhttps://t.co/rtD11djZC0\xe2\x80\xa6'"
1050392854495936512,CA ‚Üí TX,"b'RT @QuinnipiacPoll: #BetoORourke Stalls 9 Points Down in #TexasSenate Race, Poll Finds; Republican Up 20 Points in Governor\xe2\x80\x99s Race https://\xe2\x80\xa6'"
1050390413507551233,United States,"b'RT @QuinnipiacPoll: #BetoORourke Stalls 9 Points Down in #TexasSenate Race, Poll Finds; Republican Up 20 Points in Governor\xe2\x80\x99s Race https://\xe2\x80\xa6'"
1050387782831607808,"Washington, D.C.","b'RT @QuinnipiacPoll: #BetoORourke Stalls 9 Points Down in #TexasSenate Race, Poll Finds; Republican Up 20 Points in Governor\xe2\x80\x99s Race https://\xe2\x80\xa6'"
1050384225189421058,"Southlake, TX","b'BETO O\xe2\x80\x99ROURKE HAS ALLIANCE WITH \xe2\x80\x98DRUG TRUTH NETWORK\xe2\x80\x99 HOST, WHO THINKS AMERICA IS LIKE NAZI GERMANY\xe2\x80\xa6 https://t.co/0EFUZ5ohcZ'"
1050383331576213505,"Austin, TX",b'RT @GilTPolitics: Ted Cruz is right for Texas!?!\n\n#TexasSenate #TXSen #KeepTexasRed\nhttps://t.co/ImrfROEBvh'
1050380194857521153,,"b""If #Beto doesn't disavow the endorsement of someone who creates false rape allegations to gain power, he is no bett\xe2\x80\xa6 https://t.co/FIhYxizPAj"""
1050379064161329152,"Texas, USA","b'RT @QuinnipiacPoll: #BetoORourke Stalls 9 Points Down in #TexasSenate Race, Poll Finds; Republican Up 20 Points in Governor\xe2\x80\x99s Race https://\xe2\x80\xa6'"
1050377575229530112,"McAllen, TX",b'RT @rgv3307: We are proud to support &amp; endorse \xe2\x81\xa6@tedcruz\xe2\x81\xa9 for #TexasSenate #ToughAsTexas #BorderSecurity #LawEnforcement advocate https://t\xe2\x80\xa6'
1050375573053329409,"Texas, USA",b'RT @rgv3307: We are proud to support &amp; endorse \xe2\x81\xa6@tedcruz\xe2\x81\xa9 for #TexasSenate #ToughAsTexas #BorderSecurity #LawEnforcement advocate https://t\xe2\x80\xa6'
1050372317606490113,Bryan/College Station. TX,b'RT @whateverwillbri: #TedCruz leads #BetoORourke 54%-45% in new @QuinnipiacPoll of likely Texas voters. #TexasSenate \nhttps://t.co/6hclTbM0\xe2\x80\xa6'
1050372062668357633,"Bryan, TX",b'#TedCruz leads #BetoORourke 54%-45% in new @QuinnipiacPoll of likely Texas voters. #TexasSenate \nhttps://t.co/6hclTbM0oP'
1050365346262249472,"Virginia Beach, VA","b'RT @QuinnipiacPoll: #BetoORourke Stalls 9 Points Down in #TexasSenate Race, Poll Finds; Republican Up 20 Points in Governor\xe2\x80\x99s Race https://\xe2\x80\xa6'"
1050362114991423488,,b'RT @DonTheCon2016: Ted Cruz for Texas!\n\n#TexasSenate #TXSen #KeepTexasRed #MAGA #KAG2018 https://t.co/b7JbgbxlmZ'
1050354172569276416,"Texas, USA",b'RT @rgv3307: We are proud to support &amp; endorse \xe2\x81\xa6@tedcruz\xe2\x81\xa9 for #TexasSenate #ToughAsTexas #BorderSecurity #LawEnforcement advocate https://t\xe2\x80\xa6'
1050347947429376002,,b'RT @GilTPolitics: Mi gente de #Texas \xe2\x80\x94 Porque no est\xc3\xa1n apoyando a Beto? Tienen que votar para poder obtener cambio! #SiSePuede #TXsen #Texa\xe2\x80\xa6'
1050347604092100609,"Washington, DC/DMV üí•                                                       South Louisiana ‚öúÔ∏è Planet Earth  üåé","b'RT @QuinnipiacPoll: #BetoORourke Stalls 9 Points Down in #TexasSenate Race, Poll Finds; Republican Up 20 Points in Governor\xe2\x80\x99s Race https://\xe2\x80\xa6'"
1050342180601114627,"Miami Beach, Florida","b'RT @QuinnipiacPoll: #BetoORourke Stalls 9 Points Down in #TexasSenate Race, Poll Finds; Republican Up 20 Points in Governor\xe2\x80\x99s Race https://\xe2\x80\xa6'"
1050338534400249856,"New Hampshire, USA","b'RT @QuinnipiacPoll: #BetoORourke Stalls 9 Points Down in #TexasSenate Race, Poll Finds; Republican Up 20 Points in Governor\xe2\x80\x99s Race https://\xe2\x80\xa6'"
1050335588287729669,"Washington, DC",b'I will not accept this poll as correct. Polling \xe2\x80\x9clikely voters\xe2\x80\x9d doesn\xe2\x80\x99t account for all those Beto supporters that\xe2\x80\xa6 https://t.co/fOHyASC6hi'
1050335274813804544,"Hatboro, Pennsylvania, USA","b'RT @QuinnipiacPoll: #BetoORourke Stalls 9 Points Down in #TexasSenate Race, Poll Finds; Republican Up 20 Points in Governor\xe2\x80\x99s Race https://\xe2\x80\xa6'"
1050333330435125249,"McAllen, Texas",b'RT @rgv3307: We are proud to support &amp; endorse \xe2\x81\xa6@tedcruz\xe2\x81\xa9 for #TexasSenate #ToughAsTexas #BorderSecurity #LawEnforcement advocate https://t\xe2\x80\xa6'
1050330721569648640,"Houston, TX","b'RT @QuinnipiacPoll: #BetoORourke Stalls 9 Points Down in #TexasSenate Race, Poll Finds; Republican Up 20 Points in Governor\xe2\x80\x99s Race https://\xe2\x80\xa6'"
1050330346489880577,DeKalb,"b'RT @QuinnipiacPoll: #BetoORourke Stalls 9 Points Down in #TexasSenate Race, Poll Finds; Republican Up 20 Points in Governor\xe2\x80\x99s Race https://\xe2\x80\xa6'"
1050327168809689088,"Columbus, OH","b'RT @QuinnipiacPoll: #BetoORourke Stalls 9 Points Down in #TexasSenate Race, Poll Finds; Republican Up 20 Points in Governor\xe2\x80\x99s Race https://\xe2\x80\xa6'"
1050326660049002496,,"b'RT @QuinnipiacPoll: #BetoORourke Stalls 9 Points Down in #TexasSenate Race, Poll Finds; Republican Up 20 Points in Governor\xe2\x80\x99s Race https://\xe2\x80\xa6'"
1050326391093452800,"Hamden, Connecticut","b'#BetoORourke Stalls 9 Points Down in #TexasSenate Race, Poll Finds; Republican Up 20 Points in Governor\xe2\x80\x99s Race\xe2\x80\xa6 https://t.co/I6dtaDoPzK'"
1050322378302136320,,b'RT @rgv3307: We are proud to support &amp; endorse \xe2\x81\xa6@tedcruz\xe2\x81\xa9 for #TexasSenate #ToughAsTexas #BorderSecurity #LawEnforcement advocate https://t\xe2\x80\xa6'
1050316200050192384,El Paso Del Norte,b'RT @rgv3307: We are proud to support &amp; endorse \xe2\x81\xa6@tedcruz\xe2\x81\xa9 for #TexasSenate #ToughAsTexas #BorderSecurity #LawEnforcement advocate https://t\xe2\x80\xa6'
1050278567962009601,"Montana, USA",b'RT @rgv3307: We are proud to support &amp; endorse \xe2\x81\xa6@tedcruz\xe2\x81\xa9 for #TexasSenate #ToughAsTexas #BorderSecurity #LawEnforcement advocate https://t\xe2\x80\xa6'
1050255529518362624,"California, USA",b'RT @rgv3307: We are proud to support &amp; endorse \xe2\x81\xa6@tedcruz\xe2\x81\xa9 for #TexasSenate #ToughAsTexas #BorderSecurity #LawEnforcement advocate https://t\xe2\x80\xa6'
1050249985047126017,"Austin, Texas","b""@matthewwalther Except for you completely botching the facts you're clever. But you're a bullshitter. Not a journal\xe2\x80\xa6 https://t.co/LHWJ18d5jS"""
1050249384552800256,,b'I wanted to see the full @BetoORourke  Austin rally. So I YouTubed it. 106 videos down I got the full uncensored un\xe2\x80\xa6 https://t.co/c1u5gP10YP'
1050246403530911744,"Dallas, Texas | Rochester, MN",b'Large crowd tonight for @BetoORourke in @deepellumtexas. \xf0\x9f\x87\xba\xf0\x9f\x87\xb8 #TexasSenate #VoteNov6 https://t.co/YUewhUvFhX'
1050236130795417600,Texas deplorable ,b'RT @rgv3307: We are proud to support &amp; endorse \xe2\x81\xa6@tedcruz\xe2\x81\xa9 for #TexasSenate #ToughAsTexas #BorderSecurity #LawEnforcement advocate https://t\xe2\x80\xa6'
1050234712474570753,"Brownsville, TX",b'RT @rgv3307: We are proud to support &amp; endorse \xe2\x81\xa6@tedcruz\xe2\x81\xa9 for #TexasSenate #ToughAsTexas #BorderSecurity #LawEnforcement advocate https://t\xe2\x80\xa6'
1050234680933576708,USA,b'RT @GilTPolitics: Mi gente de #Texas \xe2\x80\x94 Porque no est\xc3\xa1n apoyando a Beto? Tienen que votar para poder obtener cambio! #SiSePuede #TXsen #Texa\xe2\x80\xa6'
1050234011455553537,"South Carolina, USA",b'If there ever was a reason to vote against @BetoORourke this is it \n\n#TexasSenate \n#creepypornlawyer https://t.co/xUCwIrrH2X'
1050232601041166336,,b'Mi gente de #Texas \xe2\x80\x94 Porque no est\xc3\xa1n apoyando a Beto? Tienen que votar para poder obtener cambio! #SiSePuede #TXsen\xe2\x80\xa6 https://t.co/7SucJfZfTh'
1050231416007602176,,b'RT @rgv3307: We are proud to support &amp; endorse \xe2\x81\xa6@tedcruz\xe2\x81\xa9 for #TexasSenate #ToughAsTexas #BorderSecurity #LawEnforcement advocate https://t\xe2\x80\xa6'
1050230204600221696,,b'RT @rgv3307: We are proud to support &amp; endorse \xe2\x81\xa6@tedcruz\xe2\x81\xa9 for #TexasSenate #ToughAsTexas #BorderSecurity #LawEnforcement advocate https://t\xe2\x80\xa6'
1050230115802734592,"College Station, TX",b'RT @GilTPolitics: Ted Cruz is right for Texas!?!\n\n#TexasSenate #TXSen #KeepTexasRed\nhttps://t.co/ImrfROEBvh'
1050229833874251777,United States,b'RT @rgv3307: We are proud to support &amp; endorse \xe2\x81\xa6@tedcruz\xe2\x81\xa9 for #TexasSenate #ToughAsTexas #BorderSecurity #LawEnforcement advocate https://t\xe2\x80\xa6'
1050228505500405760,,b'RT @rgv3307: We are proud to support &amp; endorse \xe2\x81\xa6@tedcruz\xe2\x81\xa9 for #TexasSenate #ToughAsTexas #BorderSecurity #LawEnforcement advocate https://t\xe2\x80\xa6'
1050228460218593280,"Alberta, Canada üá®üá¶ ","b'RT @todosono: @MichaelAvenatti @BetoORourke Thanks, Mikey! Your endorsement is the kiss of death! #TedCruz @tedcruz #TexasSenate'"
1050227385927434241,,b'RT @rgv3307: We are proud to support &amp; endorse \xe2\x81\xa6@tedcruz\xe2\x81\xa9 for #TexasSenate #ToughAsTexas #BorderSecurity #LawEnforcement advocate https://t\xe2\x80\xa6'
1050226563340529664,United States,"b'RT @todosono: @MichaelAvenatti @BetoORourke Thanks, Mikey! Your endorsement is the kiss of death! #TedCruz @tedcruz #TexasSenate'"
1050224068161462272,WI,"b'RT @todosono: @MichaelAvenatti @BetoORourke Thanks, Mikey! Your endorsement is the kiss of death! #TedCruz @tedcruz #TexasSenate'"
1050223800858624000,"Texas, USA","b'RT @todosono: @MichaelAvenatti @BetoORourke Thanks, Mikey! Your endorsement is the kiss of death! #TedCruz @tedcruz #TexasSenate'"
1050221048950611969,"Brownsville, TX",b'RT @rgv3307: We are proud to support &amp; endorse \xe2\x81\xa6@tedcruz\xe2\x81\xa9 for #TexasSenate #ToughAsTexas #BorderSecurity #LawEnforcement advocate https://t\xe2\x80\xa6'
1050217044644380673,Rio Grande Valley - Texas,b'We are proud to support &amp; endorse \xe2\x81\xa6@tedcruz\xe2\x81\xa9 for #TexasSenate #ToughAsTexas #BorderSecurity #LawEnforcement advocate https://t.co/Xp2aUDlEzB'
1050216422364893184,Brooklyn,"b'@MichaelAvenatti @BetoORourke Thanks, Mikey! Your endorsement is the kiss of death! #TedCruz @tedcruz #TexasSenate'"
1050215390997970944,Selkirk Manitoba Canada,b'SHOULD I EVEN TRUST THE POLLS? #TexasSenate #BetoForTexas #Midterms2018'
1050211670440771585,The Beautiful South,b'#BetoForSenate #Beto #Texas #TexasSenate #GOP https://t.co/RnAHPE04Sn'
1050207794807394304,,b'@jenjavajunky Congrats to Beto! Cruz was \xf0\x9f\x90\x93 \xf0\x9f\x90\x94 chicken \xf0\x9f\x90\x93 and did not show his face. All mouth and no show!\xe2\x80\xa6 https://t.co/HpQkREkTgs'
1050207106996101121,"Washington, DC",b'Ted Cruz for Texas!\n\n#TexasSenate #TXSen #KeepTexasRed #MAGA #KAG2018 https://t.co/b7JbgbxlmZ'
1050206149440663552,,b'Ted Cruz is right for Texas!?!\n\n#TexasSenate #TXSen #KeepTexasRed\nhttps://t.co/ImrfROEBvh'
1050197343776043008,#FBR,b'#BetoForTexas #Texas #TexasSenate https://t.co/NvsQUQs2ZN'
1050196912828272640,,b'What do #Texas voters think about this Trump policy?\n\n#Dallas #FortWorth #Houston #SanAntonio #ElPaso #Austin\xe2\x80\xa6 https://t.co/94HJTdH61U'
1050190514904023040,"Anytown, USA.",b'RT @JohnWusah: @tedcruz showing us that the name Trump have him is true afterall. #LyingTed #TexasSenate #MidtermElections #BetoForTexas #P\xe2\x80\xa6'
1050188496982355970,"Los Angeles, CA",b'@tedcruz showing us that the name Trump have him is true afterall. #LyingTed #TexasSenate #MidtermElections\xe2\x80\xa6 https://t.co/VFDLbm8Yfn'
1050188344750166022,,b'#resist #WomensMarch #WomensRights #TexasSenate https://t.co/8us48NMu6f'
1050187873805324288,,b'@tedcruz knows he can\xe2\x80\x99t win legally! Stop the corruption get out and vote #TexasSenate https://t.co/Lzoq4OtXtD'
1050181996201369606,,b'@tedcruz The liberal tears are going to flow when you beat Beto #TedCruz2018 #TexasSenate #CruzToVictory'
1050180458603061249,United States,"b'@AynRandPaulRyan I disagree with the rhetoric, it devides rather than unites. I have not personally heard him speak\xe2\x80\xa6 https://t.co/NDIjOJPP3l'"
1050175943631753216,United States,b'Does anyone else in Texas think that Ted Cruz gives other Canadians a bad name? #texasvote #2018Midterms #texas #TexasSenate'
1050158282822885376,,b'#WakeUpAmerica  #WakeUpTexas  #Texas  #TexasSenate  #TexasStateFair  #Vote https://t.co/dPanKJwaMD'
1050156716392878080,"Lancaster, PA","b""Why are you not fully a man, @SenTedCruz? Cruz declines @CNN town hall; @BetoORourke's set for Oct. 18 in #McAllen\xe2\x80\xa6 https://t.co/uD2UqVAWGx"""
1050152941838045184,,b'@AP #TrumpRecession #Midterms2018 #Florida #TexasSenate #GOP #VoteBlue #RockTheVote'
1050152605740134400,,b'This is why #ChooseCruz #VoteCruz #TexasSenate matters . @BetoORourke is a joke https://t.co/NQIa7R7uDn'
1050150119377707010,,b'RT @WeThePopulists: #Texas\n#TexasSenate https://t.co/VLrOe5ZjTJ'
1050149961944293376,"Hot, Hot Arizona",b'#Texas\n#TexasSenate https://t.co/VLrOe5ZjTJ'
1050142227362668544,"Plano, TX","b""Let's elect someone who will listen to the voters, all voters!  \n\n#TXLege #TexasSenate #Texas #BlueWave\xe2\x80\xa6 https://t.co/Sh8Q2L3bqT"""
1050142108529635328,"New York, NY",b'Here is how you KNOW who to vote for Texas...\n\nIf your family or your business was on the line - who would you hire\xe2\x80\xa6 https://t.co/5MVdjjaL0q'
1050135537951133696,San Marcos Texas,b'RT @nytxnn: This new ad about questioning @tedcruz &amp; his slogan is a joke.  THIS ad makes liberals giddy? Please.  Try harder @BetoORourke\xe2\x80\xa6'
1050134423004434432,"New York, NY","b'Ted Cruz=""Tough as #Texas""? \n\nHe:\n1. Is so insecure he can\'t give a compliment w/o being underhanded \n2. Grovels to\xe2\x80\xa6 https://t.co/c0vVuAI9zt'"
1050132283867455488,"New York, NY",b'Ted Cruz is a Beta! Texas needs a Beto! Ted Cruz is a Beta! Texas needs a Beto! #TexasSenate #TedCruz'
1050130950544343041,USA,b'#MAGA \n#VoteRed \n#Midterms2018 \n#VoteRedToSaveAmerica \n#DemocratsDividingAndDestroyingAmerica \n#Democrats \n#Trump\xe2\x80\xa6 https://t.co/lIcbvgICbf'
1050123766850830339,Out in the west Texas town of-,"b""It's our young POC we need to step up on #Texas. C'mon guys. Stop letting old white bigots decide *your* future!\xe2\x80\xa6 https://t.co/Khb5IKN7T6"""
1050106872345358337,NJ,"b'RT @QuinnipiacPoll: Peter Brown to discuss results of Texas Likely Voter Poll on 2018 #TexasSenate Race, 2018 #TexasGovernor Race THURSDAY\xe2\x80\xa6'"
1050089936731410433,Houston Tx,"b'RT @QuinnipiacPoll: Peter Brown to discuss results of Texas Likely Voter Poll on 2018 #TexasSenate Race, 2018 #TexasGovernor Race THURSDAY\xe2\x80\xa6'"
1050085777416179712,"Rialto, CA","b'RT @QuinnipiacPoll: Peter Brown to discuss results of Texas Likely Voter Poll on 2018 #TexasSenate Race, 2018 #TexasGovernor Race THURSDAY\xe2\x80\xa6'"
1050085645740326912,"Texas, USA","b'RT @QuinnipiacPoll: Peter Brown to discuss results of Texas Likely Voter Poll on 2018 #TexasSenate Race, 2018 #TexasGovernor Race THURSDAY\xe2\x80\xa6'"
1050085570230272000,,"b'RT @QuinnipiacPoll: Peter Brown to discuss results of Texas Likely Voter Poll on 2018 #TexasSenate Race, 2018 #TexasGovernor Race THURSDAY\xe2\x80\xa6'"
1050084799266746368,"Hamden, Connecticut","b'Peter Brown to discuss results of Texas Likely Voter Poll on 2018 #TexasSenate Race, 2018 #TexasGovernor Race THURSDAY #Midterms2018'"
1050074988374454272,"Deplorable in Carlsbad, CA",b'RT @RivalThoughts: .@tedcruz Anti-White #Beto rally. \n\n#Democrats hate white people.\n\n#WednesdayMotivation #texassenate #Texas #Cruz https:\xe2\x80\xa6'
1050061738631147520,"Austin, TX",b'#TexasSenate race once again drawing national attention. https://t.co/Izd421bDsy'
1050049524796919810,"Houston, TX / Eagle River, AK",b'We all need a \xf0\x9f\x90\xb0in our day. #BunniesForBeto #Beto #TexasSenate #BetoForTexas #BlueTsunami2018 https://t.co/0I9yrJVGNX'
1050046774763765760,"Texas, USA",b'@tedcruz in what fresh Hell are you \xe2\x80\x9ctough as Texas?\xe2\x80\x9d After you cowered like a beaten dog when Mr. Grab them by the\xe2\x80\xa6 https://t.co/ml5KDGqv79'
1050039480084783105,,b'RT @MissAmericaPie: #Beto \xf0\x9f\x91\x89\xf0\x9f\x8f\xbc#Socialist Darling of the Horrible Late Night \xe2\x80\x9ccomedians\xe2\x80\x9d\xe2\x80\x94His Stock has PLUMMETED as #TedCruz Takes SIX POINT L\xe2\x80\xa6'
1050039084482215936,DeepInTheHeartO'TEXAS,b'#Beto \xf0\x9f\x91\x89\xf0\x9f\x8f\xbc#Socialist Darling of the Horrible Late Night \xe2\x80\x9ccomedians\xe2\x80\x9d\xe2\x80\x94His Stock has PLUMMETED as #TedCruz Takes SIX POI\xe2\x80\xa6 https://t.co/Wh54WOwTke'
1050033536609206272,"Veganville, USA ",b'GET\xf0\x9f\x91\x8f\xf0\x9f\x8f\xbcTHIS\xf0\x9f\x91\x8f\xf0\x9f\x8f\xbcSHIT\xf0\x9f\x91\x8f\xf0\x9f\x8f\xbcHANDLED\xf0\x9f\x91\x8f\xf0\x9f\x8f\xbcTEXAS \nStop letting Count Chocula speak for you! #texassenate'
1050011655218888704,,b'.@tedcruz Anti-White #Beto rally. \n\n#Democrats hate white people.\n\n#WednesdayMotivation #texassenate #Texas #Cruz https://t.co/ch6LrREliw'
1050007400072314881,"Outter Arm, Milly Way Galaxy ",b'RT @_ST3V3N_W: #TXSen #txgov #txpolitics #txpol #TexasSenate #texas #MorningJoe\n#2018Midterms #Midterms #Beto #BetOnBeto #DeadlineWH #mtp #\xe2\x80\xa6'
1049976395156398080,The HORROR of 45,b'RT @_ST3V3N_W: #TXSen #txgov #txpolitics #txpol #TexasSenate #texas #MorningJoe\n#2018Midterms #Midterms #Beto #BetOnBeto #DeadlineWH #mtp #\xe2\x80\xa6'
1049848894459396096,"Chicago, IL",b'@thehill @CNN offered two dates for a debate for #TexasSenate and @BetoORourke turned down both. Then they offered\xe2\x80\xa6 https://t.co/bkPNBe107L'
1049839013857771522,"Hanover, MD",b'RT @_ST3V3N_W: #TXSen #txgov #txpolitics #txpol #TexasSenate #texas #MorningJoe\n#2018Midterms #Midterms #Beto #BetOnBeto #DeadlineWH #mtp #\xe2\x80\xa6'
1049823492693250048,"Texas, USA","b'Wow, I actually get to vote for this candidate. Thanks, @stevekling! \xf0\x9f\x91\x8d \n\n@TFRM5050 @AFESP5050 @NatlParentsOrg\xe2\x80\xa6 https://t.co/GgIPM42Gpq'"
1049818819739439105,THEüåüLONEüåüSTARüåüSTATE ,b'RT @nytxnn: This new ad about questioning @tedcruz &amp; his slogan is a joke.  THIS ad makes liberals giddy? Please.  Try harder @BetoORourke\xe2\x80\xa6'
1049818722993500160,United States,"b'Man, maybe Beto loses in 2018, but he should definitely run in 2020. #VoteBeto #TexasSenate #inners'"
1049812269134008320,"Arizona, USA",b'RT @_ST3V3N_W: #TXSen #txgov #txpolitics #txpol #TexasSenate #texas #MorningJoe\n#2018Midterms #Midterms #Beto #BetOnBeto #DeadlineWH #mtp #\xe2\x80\xa6'
1049792652571488265,"Wisconsin, USA",b'RT @_ST3V3N_W: #TXSen #txgov #txpolitics #txpol #TexasSenate #texas #MorningJoe\n#2018Midterms #Midterms #Beto #BetOnBeto #DeadlineWH #mtp #\xe2\x80\xa6'
1049776995201093633,,b'RT @RivalThoughts: #Democrats hate white people. #Beto #Cruz #Texas #Senate #TexasSenate https://t.co/ch6LrREliw'
1049776888141570048,,b'#Democrats hate white people. #Beto #Cruz #Texas #Senate #TexasSenate https://t.co/ch6LrREliw'
1049776205342404610,"Austin, Texas",b'RT @nytxnn: This new ad about questioning @tedcruz &amp; his slogan is a joke.  THIS ad makes liberals giddy? Please.  Try harder @BetoORourke\xe2\x80\xa6'
1049774094709915649,Southeast US,b'RT @_ST3V3N_W: #TXSen #txgov #txpolitics #txpol #TexasSenate #texas #MorningJoe\n#2018Midterms #Midterms #Beto #BetOnBeto #DeadlineWH #mtp #\xe2\x80\xa6'
1049769263517630464,"Texas, USA",b'This new ad about questioning @tedcruz &amp; his slogan is a joke.  THIS ad makes liberals giddy? Please.  Try harder\xe2\x80\xa6 https://t.co/enoafq3IFN'
1049684144052162561,,b'Vote for @BetoORourke #texassenate #BetoForSenate #BetoForTexas #VoteMidterms2018 https://t.co/wBdziK7Ktl'
1049627034169815040,,b'RT @NoniATX: A real Texan comments on how \xe2\x80\x9ctough as Texas\xe2\x80\x9dTed Cruz really is. \n#notsotough\n#VoteBeto \n#TexasSenate\n\nhttps://t.co/A2KIKObJqN'
1049626313835855872,Austin TX,b'A real Texan comments on how \xe2\x80\x9ctough as Texas\xe2\x80\x9dTed Cruz really is. \n#notsotough\n#VoteBeto \n#TexasSenate\n\nhttps://t.co/A2KIKObJqN'
1049617829056647168,Himalayas,b'RT @KairosKaris: @pinkk9lover @RobChristie11 @SenFeinstein @SenSchumer @ROCKONOHIO @AppSame @BestBrownsFan @Cartilago4 @starcrosswolf @bbus\xe2\x80\xa6'
1049617810404585474,Himalayas,b'#KAG #CruzCrew #MAGA #Texas #TexasSenate #texasrangers\xe2\x81\xa0 \xe2\x81\xa0 #texassenatedebate #texasou #TexasReallyIsTurningBlue\xe2\x80\xa6 https://t.co/T91mlZrkWT'
1049617711209295873,Himalayas,b'@pinkk9lover @RobChristie11 @SenFeinstein @SenSchumer @ROCKONOHIO @AppSame @BestBrownsFan @Cartilago4\xe2\x80\xa6 https://t.co/4E0CitQsTb'
1049557914497748992,,b'#TXSen #txgov #txpolitics #txpol #TexasSenate #texas #MorningJoe\n#2018Midterms #Midterms #Beto #BetOnBeto\xe2\x80\xa6 https://t.co/QFwUVBbXye'
1049545561500778496,"California, USA",b'RT @libertytarian: Canadians who admit smoking pot get lifetime bans from entering US\n\n\xe2\x80\x94 then #DrugWar insanity in #TexasSenate race\nWill #\xe2\x80\xa6'
1049544639412400129,"Indiana, USA",b'RT @smartgirls4gop: @SnowLover814 @tedcruz @POTUS @deeg25 @Courage1791 @Twimom09 @MikeDiaz285 @jstines3 @ChuckNASCAR @TruthDefender18 @SenT\xe2\x80\xa6'
1049537427906400256,"Cudahy, CA",b'Beto all the way! #texassenate'
1049527895843098624,"San Antonio, TX",b'RT @Blair8o6: Travis Scott @trvisXX For #TexasSenate Vote La Flame \xe2\x9c\x94 https://t.co/2L94nXuRLm'
1049510073318498304,"Austin, TX",b'Travis Scott @trvisXX For #TexasSenate Vote La Flame \xe2\x9c\x94 https://t.co/2L94nXuRLm'
1049479165123186688,,"b'@texasdemocrats @TexasWomen The high-minded, former Texas Judge #CornynOKUnderAgeDrinking #VictimShaming\xe2\x80\xa6 https://t.co/TcpgZrguBh'"
1049430169755287555,"Westlake Hills, TX ","b'@LesterHoltNBC @NBCNews #FakeNews @POTUS Once again, #LyinLester says the #TexasSenate is close! HA!! Senator\xe2\x80\xa6 https://t.co/ZTJ9mINhmA'"
1049063499807281154,"Grand prairie, TX",b'RT @Tinyy_Criss: #BetoForTexas #BetoForSenate #texassenate #Senate #Midterms https://t.co/3EsKYi4CtH'
1049062853188173826,"Texas, USA",b'#BetoForTexas #BetoForSenate #texassenate #Senate #Midterms https://t.co/3EsKYi4CtH'
1049055984616800256,Palo Alto,b'I thought I could not love @BetoORourke any more...\n\n#texassenate https://t.co/IApLROXmml'
1049000927397437440,United States Russia ,b'@FLOTUS @realDonaldTrump #TexasSenate https://t.co/ZZesgRUj37'
1048992894042951680,Arkansas,b'@jaybakeraz @JimPolk This is sick and twisted!  We must #VoteRed2018 #WalkAway #VoteForCivility #VoteDemsOut\xe2\x80\xa6 https://t.co/OHecMlVvdy'
